duration,src_bytes,dst_bytes,pkt_rate,failed_logins,label
0.23463404498842955,234.0,84.0,0.8881198819530796,0.0,BENIGN
0.3073980825409684,119.0,113.0,2.3189021846893834,0.0,BENIGN
0.6156250308522951,211.0,197.0,1.5305256140650478,0.0,BENIGN
0.10130571141612853,41.0,98.0,2.5425600435859645,0.0,BENIGN
0.17211149627697075,207.0,24.0,0.9871688796655762,0.0,BENIGN
0.3044673439298875,194.0,199.0,2.314247332595274,0.0,BENIGN
0.11136793106434514,150.0,60.0,4.559488031037793,0.0,BENIGN
0.5701979016938006,186.0,27.0,2.394233021879601,0.0,BENIGN
1.4868438967534654,111.0,120.0,1.399361310081195,0.0,BENIGN
0.5748425702439672,283.0,184.0,1.7083062502067232,0.0,BENIGN
0.09519580825837494,21.0,143.0,0.8068417705109077,0.0,BENIGN
0.1165601159428085,279.0,63.0,1.5909480982760686,0.0,BENIGN
0.015907017298311035,221.0,199.0,1.8237143380742413,0.0,BENIGN
1.3063168257080957,290.0,199.0,3.2008927719495284,0.0,BENIGN
0.1967660434015434,72.0,33.0,0.5214780096325726,0.0,BENIGN
0.22061349976493508,271.0,197.0,1.2801557916052912,0.0,BENIGN
0.391203541603873,84.0,98.0,2.324083969394795,0.0,BENIGN
2.16707316979366,148.0,145.0,1.6149177195836835,0.0,BENIGN
0.0027687101879677375,182.0,172.0,2.5821227947130394,0.0,BENIGN
0.7376072630217567,280.0,50.0,2.8877484595933574,0.0,BENIGN
1.2323148648095923,52.0,57.0,1.831794911900915,0.0,BENIGN
0.23166755839917136,81.0,46.0,3.164768645504524,0.0,BENIGN
0.6539378919788704,246.0,110.0,2.8347954192304283,0.0,BENIGN
1.7826604823010754,150.0,10.0,2.296561384328971,0.0,BENIGN
0.6395808464230239,226.0,24.0,1.2202981193401214,0.0,BENIGN
0.058767619886814754,198.0,72.0,1.1561036396560742,0.0,BENIGN
1.1305469204711835,241.0,160.0,4.633528220612124,0.0,BENIGN
0.46369780581949066,162.0,180.0,0.9749091111891353,0.0,BENIGN
0.11348871106616237,262.0,95.0,2.1357538294764864,0.0,BENIGN
1.0620849071200036,189.0,54.0,2.6080896620009613,0.0,BENIGN
0.1752283627666431,127.0,53.0,1.8947428659988206,0.0,BENIGN
0.2693639380109388,147.0,101.0,1.0446535552822953,0.0,BENIGN
0.2202595706706582,140.0,125.0,1.7418152014636608,0.0,BENIGN
0.21737141644598493,278.0,112.0,2.4609556154202936,0.0,BENIGN
0.08995574355896764,244.0,60.0,0.6900493127875258,0.0,BENIGN
0.15695302325123206,171.0,68.0,4.943663416481284,0.0,BENIGN
0.1951919014407372,132.0,71.0,3.8861859012105304,0.0,BENIGN
1.7838990691458498,71.0,21.0,2.174577812831839,0.0,BENIGN
0.14503064749610264,132.0,193.0,0.08122878470095851,0.0,BENIGN
0.018792238882761266,132.0,11.0,1.973486124550783,0.0,BENIGN
0.34925981641481924,149.0,62.0,1.8076390352188776,0.0,BENIGN
0.3361360547368181,179.0,169.0,2.3015473423336124,0.0,BENIGN
0.4490986104263074,274.0,47.0,1.785675516743807,0.0,BENIGN
0.229261399632152,117.0,148.0,1.3108057895357548,0.0,BENIGN
0.8475847086394914,206.0,79.0,1.5571976550943578,0.0,BENIGN
0.595055999973725,278.0,157.0,2.378226614740852,0.0,BENIGN
0.19723209920898013,166.0,157.0,2.7181282798247106,0.0,BENIGN
0.518062170773846,147.0,48.0,1.04852824935196,0.0,BENIGN
1.3801719089021536,170.0,168.0,1.6117356010233859,0.0,BENIGN
1.049166853580497,118.0,16.0,1.1144876261711514,0.0,BENIGN
0.5393813695219573,79.0,122.0,2.2274599346041293,0.0,BENIGN
0.13843852271895157,273.0,149.0,3.3071427542824283,0.0,BENIGN
0.40855476979318883,252.0,108.0,1.8530546070796272,0.0,BENIGN
0.6025831414070228,227.0,140.0,2.18062297374022,0.0,BENIGN
0.9700982729817855,135.0,84.0,2.9206667157130712,0.0,BENIGN
1.3715925910424536,123.0,93.0,1.7732775444506381,0.0,BENIGN
0.4345683592067696,172.0,102.0,2.5668940707870873,0.0,BENIGN
0.16698237381673234,213.0,63.0,1.8354995658380955,0.0,BENIGN
0.29748795151574103,154.0,154.0,1.9951430553489702,0.0,BENIGN
0.18412858836056645,195.0,196.0,1.6166766937340966,0.0,BENIGN
0.22920815360351002,57.0,118.0,1.1104855703744767,0.0,BENIGN
0.33348846713769015,283.0,36.0,1.1841897150345617,0.0,BENIGN
0.2849291012402811,166.0,13.0,3.30034514799654,0.0,BENIGN
0.012308240540344307,68.0,26.0,0.6564762359325671,0.0,BENIGN
2.6061166994910683,25.0,108.0,0.21674893783447624,0.0,BENIGN
0.68860541855607,56.0,33.0,1.7568655395929844,0.0,BENIGN
0.20079902591174384,207.0,125.0,4.118886212229992,0.0,BENIGN
0.17438803408608014,180.0,76.0,3.546536755471509,0.0,BENIGN
0.09285930814787739,77.0,76.0,2.7101092403639537,0.0,BENIGN
0.42205616821782777,299.0,123.0,2.092478871551097,0.0,BENIGN
0.47726535775885887,292.0,113.0,3.0574235088623762,0.0,BENIGN
0.5970372126508365,265.0,185.0,2.0513608594796353,0.0,BENIGN
0.4023970146105568,32.0,69.0,1.3330566250434872,0.0,BENIGN
0.35804661846645186,55.0,182.0,0.308181743749697,0.0,BENIGN
0.10800574347348227,161.0,124.0,1.8346903854464376,0.0,BENIGN
0.2062412035688271,111.0,107.0,1.3128248246674898,0.0,BENIGN
0.04934801959368028,172.0,195.0,1.5146364521708966,0.0,BENIGN
0.391147292843563,144.0,159.0,2.0818741393863225,0.0,BENIGN
0.44681626507308764,120.0,17.0,1.5280681342105664,0.0,BENIGN
0.7348239702228676,127.0,14.0,3.088950596967366,0.0,BENIGN
0.3055672027079074,66.0,108.0,1.6085981879181683,0.0,BENIGN
0.5072687241023079,163.0,22.0,2.438022597421675,0.0,BENIGN
1.7456190421735231,77.0,192.0,0.6920857003306249,0.0,BENIGN
0.1444150504899873,136.0,71.0,0.009400450422636153,0.0,BENIGN
0.9038838210575313,77.0,131.0,1.228180922243245,0.0,BENIGN
0.08506037078642707,115.0,135.0,3.6613017306081543,0.0,BENIGN
0.04928806314787006,211.0,78.0,2.2710617487422633,0.0,BENIGN
0.47301523601871753,266.0,85.0,4.244806606010563,0.0,BENIGN
0.4173982435115491,66.0,103.0,1.3199956658820575,0.0,BENIGN
0.9671015168078293,223.0,153.0,1.7365941551327269,0.0,BENIGN
0.05147845922390663,273.0,110.0,0.0,0.0,BENIGN
0.25416830729160345,29.0,78.0,0.9756123586657102,0.0,BENIGN
1.088771510881731,23.0,25.0,2.001813611194676,0.0,BENIGN
0.03659121812812042,266.0,11.0,2.7559352817916523,0.0,BENIGN
0.013434536333697214,171.0,149.0,2.647162696787044,0.0,BENIGN
0.24565034611195363,52.0,170.0,2.126094827824029,0.0,BENIGN
0.8335445740289162,84.0,170.0,2.446289348001918,0.0,BENIGN
0.5270366767444157,62.0,53.0,3.1362423171192626,0.0,BENIGN
0.1600758609779741,272.0,44.0,1.4549623846529087,0.0,BENIGN
0.20515406950306014,109.0,17.0,0.7326176984876649,0.0,BENIGN
0.2433890656800175,134.0,114.0,0.8750482621671429,0.0,BENIGN
0.34262666387320734,133.0,84.0,3.281920380314202,0.0,BENIGN
1.0497079070434734,268.0,173.0,2.81286211883896,0.0,BENIGN
0.09766664802022348,211.0,186.0,2.629628841923612,0.0,BENIGN
0.6577274077854414,115.0,161.0,1.6322372173469732,0.0,BENIGN
1.0091416406323286,243.0,46.0,1.452276517040671,0.0,BENIGN
0.13629615539237286,292.0,122.0,3.1443715354746837,0.0,BENIGN
0.3518537448783772,236.0,95.0,2.857864658788466,0.0,BENIGN
0.17665115775976362,242.0,137.0,2.392041889732596,0.0,BENIGN
0.32939311853164444,163.0,126.0,1.8754747524063158,0.0,BENIGN
0.048092562220552366,72.0,160.0,3.1235417816915163,0.0,BENIGN
0.7600181461729462,58.0,118.0,4.143205188113887,0.0,BENIGN
1.3363109240234587,258.0,85.0,3.8136665758789077,0.0,BENIGN
0.5824241411286637,272.0,16.0,2.404582895117525,0.0,BENIGN
0.2776426297778351,141.0,14.0,1.4945577262081366,0.0,BENIGN
0.36008056559564205,155.0,118.0,0.6432145155814377,0.0,BENIGN
0.23152763023765624,201.0,176.0,1.281555778747564,0.0,BENIGN
0.27601656265248686,38.0,48.0,1.7865528482881528,0.0,BENIGN
0.2849799157081282,145.0,67.0,1.425798551192321,0.0,BENIGN
0.6754131496250813,20.0,140.0,0.5080256745411507,0.0,BENIGN
0.43777688860143427,136.0,143.0,1.8912398515431423,0.0,BENIGN
0.810020081662987,192.0,169.0,2.4017117220989412,0.0,BENIGN
0.405971032454207,232.0,173.0,1.7325993621166207,0.0,BENIGN
0.4035548318666744,39.0,194.0,1.896158882570001,0.0,BENIGN
0.370221966590522,20.0,126.0,3.451143607795042,0.0,BENIGN
0.5968875818364541,278.0,153.0,2.959270826085207,0.0,BENIGN
0.6679921160422584,175.0,126.0,1.8567167412829202,0.0,BENIGN
0.16243670994756507,183.0,99.0,1.3993953187504151,0.0,BENIGN
0.24573081429298876,60.0,164.0,1.2430939094884041,0.0,BENIGN
0.5989319409563947,164.0,170.0,1.1249211771318826,0.0,BENIGN
0.2648400630786948,65.0,44.0,0.48542515618376236,0.0,BENIGN
0.8644972556836357,101.0,124.0,2.679659669163419,0.0,BENIGN
0.6468020020980672,261.0,118.0,0.6797667929793578,0.0,BENIGN
0.09006254208573039,84.0,155.0,3.8314587658543537,0.0,BENIGN
2.182137734110084,82.0,95.0,2.2954775244231835,0.0,BENIGN
0.8835262694623285,196.0,170.0,0.9026541314333416,0.0,BENIGN
0.31620778556988677,25.0,104.0,0.4055723412056329,0.0,BENIGN
0.6929687113549361,278.0,190.0,1.4006249770462271,0.0,BENIGN
0.43991857126921724,102.0,154.0,2.924152383085535,0.0,BENIGN
0.1379326381916583,20.0,60.0,2.812856464238099,0.0,BENIGN
0.16060687869995832,53.0,101.0,2.3331732948398245,0.0,BENIGN
0.15644693928385411,58.0,163.0,1.7420978354564567,0.0,BENIGN
0.3447421352525473,287.0,63.0,3.27546324865362,0.0,BENIGN
1.7205999410269688,241.0,66.0,1.9084339393501626,0.0,BENIGN
0.4457452785559081,248.0,94.0,0.0,0.0,BENIGN
0.5099394054107422,94.0,188.0,1.3449147161759218,0.0,BENIGN
1.1673014101423282,117.0,91.0,2.203113547946506,0.0,BENIGN
0.24899093378057535,268.0,175.0,2.0495727292994044,0.0,BENIGN
0.2997468656572457,125.0,60.0,1.7367582874280403,0.0,BENIGN
0.5980715540985926,157.0,193.0,2.5348092900812667,0.0,BENIGN
0.9228694947313367,224.0,135.0,2.1280410685584608,0.0,BENIGN
0.5017431369788298,259.0,124.0,1.5186616507202748,0.0,BENIGN
0.3852986606941108,27.0,141.0,4.341975202512995,0.0,BENIGN
0.10037317851724081,203.0,34.0,0.8981452000182393,0.0,BENIGN
1.1354870625641789,80.0,131.0,4.0550926086214725,0.0,BENIGN
0.1267041375070376,296.0,14.0,1.6806399924663418,0.0,BENIGN
0.2116231003257693,20.0,142.0,1.764140191849323,0.0,BENIGN
0.30881467168268956,65.0,43.0,1.923236090971668,0.0,BENIGN
0.0689122392577856,268.0,56.0,0.7815103587134145,0.0,BENIGN
0.4942968451836482,258.0,65.0,0.8396749747306942,0.0,BENIGN
1.0340673492440453,132.0,108.0,2.85135426460051,0.0,BENIGN
0.10198981603090024,226.0,56.0,1.379636277464448,0.0,BENIGN
0.23139255501218486,97.0,139.0,4.374141743400596,0.0,BENIGN
0.6881144701949212,33.0,196.0,1.6892757353828063,0.0,BENIGN
0.1454683109411986,257.0,116.0,2.5765569630557663,0.0,BENIGN
0.37976475117653447,293.0,47.0,2.311250154543536,0.0,BENIGN
0.38030339952764497,47.0,48.0,1.1894941530207812,0.0,BENIGN
0.19436238062806788,250.0,95.0,1.0954581162129289,0.0,BENIGN
0.19837461511599133,86.0,118.0,3.6871416350725648,0.0,BENIGN
0.32656156984409995,247.0,120.0,2.8816397569494505,0.0,BENIGN
0.6674632380074829,255.0,92.0,4.084477230541564,0.0,BENIGN
0.23802906113842065,120.0,15.0,3.390903496185275,0.0,BENIGN
1.149532633154239,248.0,130.0,0.5847974804824851,0.0,BENIGN
0.13539726437839997,169.0,30.0,2.595401135710423,0.0,BENIGN
0.08294414629491294,114.0,161.0,1.349357430878173,0.0,BENIGN
1.1353757246779577,266.0,140.0,1.512874616235304,0.0,BENIGN
0.37170617505635134,242.0,15.0,2.270456825779839,0.0,BENIGN
0.2536289968712152,239.0,84.0,1.9497618905508631,0.0,BENIGN
1.0031220309840774,81.0,194.0,1.4232286694316674,0.0,BENIGN
0.6337355259661631,222.0,145.0,2.755391225825756,0.0,BENIGN
0.32372325782581207,137.0,77.0,1.5692076120773832,0.0,BENIGN
0.27707227503491527,244.0,29.0,2.4945666021424846,0.0,BENIGN
0.13880629178480292,57.0,46.0,2.2597225017214817,0.0,BENIGN
0.3527151109568893,278.0,170.0,1.0956833748955914,0.0,BENIGN
0.23040737352429286,157.0,181.0,4.06704400175138,0.0,BENIGN
0.11265448602956414,187.0,139.0,0.05506070962925036,0.0,BENIGN
0.04598534224900971,57.0,172.0,1.928325963442563,0.0,BENIGN
0.2145216508519874,88.0,71.0,0.9761814805109457,0.0,BENIGN
0.6851603619386679,156.0,171.0,2.683961637474451,0.0,BENIGN
0.09997790485039884,54.0,10.0,1.8554759146460955,0.0,BENIGN
0.675696576594311,286.0,114.0,3.1677820616598074,0.0,BENIGN
0.6941520391552776,232.0,174.0,2.254420843301213,0.0,BENIGN
0.8425516412820043,151.0,98.0,2.289774856896413,0.0,BENIGN
1.0486013336471662,108.0,155.0,4.075400798645439,0.0,BENIGN
0.8480413314240348,198.0,134.0,0.0,0.0,BENIGN
0.17932263771532103,42.0,72.0,0.9919136890825959,0.0,BENIGN
0.349301407847798,123.0,113.0,2.3269273737641627,0.0,BENIGN
0.48939965192866536,217.0,143.0,1.7808994711911357,0.0,BENIGN
0.20234454407913732,34.0,120.0,2.916171265604621,0.0,BENIGN
0.4838877537814262,250.0,164.0,3.0903629116936457,0.0,BENIGN
0.776995006848036,273.0,95.0,1.540639100459756,0.0,BENIGN
0.6259937784936203,24.0,132.0,1.1501556305352083,0.0,BENIGN
0.7025047853292009,247.0,118.0,2.0870352281466724,0.0,BENIGN
0.06818981526403542,203.0,24.0,1.0526586200578756,0.0,BENIGN
0.798002681663245,192.0,139.0,1.5725920575505246,0.0,BENIGN
0.006139070571852856,134.0,173.0,1.4473542266529944,0.0,BENIGN
0.3912345505978191,30.0,83.0,1.226210800896427,0.0,BENIGN
0.20967370432899846,153.0,32.0,0.755345296688583,0.0,BENIGN
0.30995375316058166,130.0,113.0,2.180530841805431,0.0,BENIGN
1.0283467612703483,152.0,129.0,4.6435715833985505,0.0,BENIGN
0.011645882072105162,70.0,38.0,3.2049706473007484,0.0,BENIGN
0.055045267877435924,233.0,20.0,2.672425018895093,0.0,BENIGN
0.2996821481518088,168.0,184.0,4.538691101737486,0.0,BENIGN
0.028159074621646893,156.0,189.0,2.523952667107794,0.0,BENIGN
0.7750892020735708,263.0,34.0,1.084758620003635,0.0,BENIGN
0.9957817857261501,229.0,171.0,2.2461036822901823,0.0,BENIGN
1.2532984453817506,270.0,188.0,1.5565201075147113,0.0,BENIGN
0.1426600605329684,44.0,189.0,2.082655959445032,0.0,BENIGN
0.2714381081280035,82.0,159.0,1.769065469791322,0.0,BENIGN
0.1242930002515979,68.0,90.0,2.6962063648134182,0.0,BENIGN
1.6229991361362133,82.0,198.0,1.7311113094451693,0.0,BENIGN
0.10195416467392282,276.0,150.0,0.8934740912583297,0.0,BENIGN
0.25318288805846,51.0,167.0,3.349704627310695,0.0,BENIGN
0.10578521490440793,163.0,177.0,1.6703826581935917,0.0,BENIGN
0.4427033024740655,213.0,122.0,3.03999243982983,0.0,BENIGN
0.25604910063746067,185.0,188.0,0.9993797194270595,0.0,BENIGN
0.08435150338047774,150.0,41.0,2.2898422641684677,0.0,BENIGN
0.15893447618768478,181.0,133.0,1.7451787316276355,0.0,BENIGN
0.8065969072211562,266.0,76.0,1.743182972074268,0.0,BENIGN
0.1313807894754655,274.0,81.0,3.02428658177939,0.0,BENIGN
0.05496802930068641,116.0,101.0,1.4754797337202263,0.0,BENIGN
0.1360243111044976,115.0,97.0,2.489374561227918,0.0,BENIGN
0.6405474065485159,184.0,191.0,2.234652005155086,0.0,BENIGN
0.11469670516449039,242.0,64.0,2.252755507537887,0.0,BENIGN
1.1332993143154522,207.0,91.0,2.326133022242118,0.0,BENIGN
1.1159315104109138,216.0,157.0,0.748886423614697,0.0,BENIGN
0.20463556377238348,138.0,149.0,1.541488152473524,0.0,BENIGN
0.8879071555137775,275.0,146.0,3.0885402776225446,0.0,BENIGN
0.28646269754555603,299.0,90.0,2.2110174672026184,0.0,BENIGN
1.014252463859662,139.0,68.0,1.9032868881296077,0.0,BENIGN
1.1247697451448717,134.0,23.0,1.6642849271134292,0.0,BENIGN
0.6767915175830406,256.0,34.0,3.3460442074647174,0.0,BENIGN
0.14912733996446945,23.0,163.0,2.170865438127942,0.0,BENIGN
0.37294727348604345,128.0,107.0,1.816016663647321,0.0,BENIGN
0.15893823586446643,53.0,26.0,2.1958452550976815,0.0,BENIGN
0.25980545752732986,95.0,96.0,1.0216272223849678,0.0,BENIGN
0.05634853128338272,153.0,177.0,1.5757844347882137,0.0,BENIGN
0.1443283806944411,256.0,62.0,1.353790638177001,0.0,BENIGN
0.09641101431927608,209.0,131.0,1.8418985099298013,0.0,BENIGN
0.27412189951089494,149.0,63.0,2.806593247913687,0.0,BENIGN
0.6697695452119816,48.0,158.0,2.1867667644770785,0.0,BENIGN
0.9072449005873231,30.0,173.0,1.2446170676466775,0.0,BENIGN
0.6347819933193434,117.0,64.0,2.5739669592016754,0.0,BENIGN
0.5448329615463392,265.0,159.0,0.246426282091313,0.0,BENIGN
0.6594526356275214,220.0,163.0,2.6075668643313588,0.0,BENIGN
0.32145266263575284,92.0,49.0,0.48082001701382304,0.0,BENIGN
0.6513237051081964,61.0,34.0,3.9750273536307814,0.0,BENIGN
0.1414481268792658,150.0,117.0,1.9527353473709907,0.0,BENIGN
0.5932244098545607,294.0,110.0,2.6218099622171964,0.0,BENIGN
0.04802536730332661,36.0,83.0,0.4297752801095436,0.0,BENIGN
0.586495908949555,99.0,92.0,1.1313928107343958,0.0,BENIGN
0.6588038895652368,168.0,90.0,2.0447668670949035,0.0,BENIGN
0.5376188575852013,44.0,98.0,2.833922154548904,0.0,BENIGN
0.5201692173307721,78.0,163.0,2.4591800792284366,0.0,BENIGN
0.026487251655238964,35.0,154.0,1.6896543840440146,0.0,BENIGN
0.099576412693925,105.0,144.0,2.1156848219945292,0.0,BENIGN
0.017267761772105907,195.0,81.0,0.9189434595917376,0.0,BENIGN
1.7712349613111267,234.0,91.0,3.0531528533329038,0.0,BENIGN
0.6833724478748522,122.0,26.0,1.933123675522733,0.0,BENIGN
0.5251501914847696,171.0,117.0,1.3363740486179232,0.0,BENIGN
0.06423888373582202,202.0,117.0,2.222133771633713,0.0,BENIGN
0.42481601055005314,23.0,102.0,1.5212513783365227,0.0,BENIGN
0.5418448557359892,127.0,135.0,2.1452962397410396,0.0,BENIGN
0.27021826913995206,246.0,179.0,3.7135739908222054,0.0,BENIGN
2.319948798353183,58.0,55.0,2.640903849409236,0.0,BENIGN
0.21593930842414186,264.0,194.0,1.828086628928242,0.0,BENIGN
0.43465253459471925,84.0,186.0,1.322290994374955,0.0,BENIGN
0.05853333479033074,161.0,129.0,0.47875512541135445,0.0,BENIGN
0.169304553208913,172.0,185.0,0.9958592332479321,0.0,BENIGN
0.00901780141597453,92.0,152.0,1.2322024348958716,0.0,BENIGN
0.24251936372765892,80.0,180.0,0.9294219203228327,0.0,BENIGN
0.44403902560116415,30.0,71.0,2.6826232364571463,0.0,BENIGN
0.4751970862882183,126.0,66.0,3.1671029143836362,0.0,BENIGN
0.12454244931025338,260.0,12.0,3.621108557787715,0.0,BENIGN
0.8749414194025213,234.0,186.0,2.5152728529867656,0.0,BENIGN
0.3651757453538804,39.0,131.0,3.1941819625510686,0.0,BENIGN
0.37225339737358487,81.0,154.0,2.1086688310673503,0.0,BENIGN
0.08355644239675343,179.0,22.0,0.2912323608204206,0.0,BENIGN
0.12668387698482153,117.0,20.0,4.357376365032708,0.0,BENIGN
1.0496624056457118,142.0,38.0,2.937838301566644,0.0,BENIGN
1.0979790492400168,280.0,148.0,2.543499102789342,0.0,BENIGN
0.045502448376175404,143.0,47.0,3.083609653905471,0.0,BENIGN
0.15038621173814223,56.0,69.0,1.966873027126203,0.0,BENIGN
0.05796860390325048,100.0,123.0,3.7945578635177877,0.0,BENIGN
0.3417435221560392,205.0,76.0,4.526932425873621,0.0,BENIGN
0.2137090669726076,59.0,100.0,1.4691312270796795,0.0,BENIGN
0.9993655480927774,187.0,101.0,2.1573615012902962,0.0,BENIGN
0.9505028592708032,78.0,57.0,3.731320579909177,0.0,BENIGN
0.6161226604546555,189.0,109.0,2.5024166321870274,0.0,BENIGN
0.4819682095110941,207.0,16.0,2.8574459317174057,0.0,BENIGN
3.8412004087672194,40.0,27.0,0.9791892533537425,5.0,BRUTE_FORCE
0.24833503332676016,62.0,34.0,1.278028323914428,10.0,BRUTE_FORCE
0.3154651825132137,21.0,43.0,1.2091262773930003,5.0,BRUTE_FORCE
0.6089892168813392,55.0,31.0,1.2002060146192184,4.0,BRUTE_FORCE
1.477128202187677,73.0,28.0,0.8584454993823732,8.0,BRUTE_FORCE
2.724165414233038,79.0,23.0,0.5589863293962858,9.0,BRUTE_FORCE
0.033479323753521174,37.0,19.0,1.593193706107644,9.0,BRUTE_FORCE
2.5221604320140627,31.0,8.0,0.8818235830378204,7.0,BRUTE_FORCE
2.0958945904043444,26.0,16.0,0.9068138028184541,9.0,BRUTE_FORCE
2.219332172001825,74.0,26.0,0.7976670883464769,5.0,BRUTE_FORCE
0.13973622632206642,61.0,16.0,0.7067259557393284,10.0,BRUTE_FORCE
0.12218156525878271,42.0,10.0,1.9554022942293927,10.0,BRUTE_FORCE
1.2072378148590244,35.0,38.0,1.366061803666536,9.0,BRUTE_FORCE
1.1378272415778588,13.0,21.0,1.5400345001610822,6.0,BRUTE_FORCE
1.0806516871641771,38.0,15.0,1.2200072250266663,7.0,BRUTE_FORCE
3.2980523354318643,56.0,18.0,0.7489728878236944,7.0,BRUTE_FORCE
1.9130311699616576,30.0,51.0,0.8887936107722172,11.0,BRUTE_FORCE
3.505377511901352,15.0,23.0,0.4265206856332804,4.0,BRUTE_FORCE
1.051077377593157,47.0,19.0,0.4417070978730765,5.0,BRUTE_FORCE
0.43138814648194423,73.0,53.0,0.414328495134514,4.0,BRUTE_FORCE
2.25899929551416,36.0,12.0,0.41838972995479806,7.0,BRUTE_FORCE
0.3693819208695091,26.0,33.0,2.2820289746501734,8.0,BRUTE_FORCE
0.3002972235037257,12.0,33.0,1.813259735849841,11.0,BRUTE_FORCE
0.627080386283627,33.0,7.0,0.0,7.0,BRUTE_FORCE
2.8660905700769512,26.0,48.0,0.4846412485992384,7.0,BRUTE_FORCE
1.0127802958635426,47.0,52.0,0.9751167451754577,4.0,BRUTE_FORCE
0.31560582887245653,11.0,28.0,0.3367726027732676,11.0,BRUTE_FORCE
0.6688591149243489,30.0,22.0,1.577292140929685,9.0,BRUTE_FORCE
0.8971064947542909,41.0,15.0,2.23613973113633,8.0,BRUTE_FORCE
2.5468879770442903,50.0,12.0,0.7520669109963576,6.0,BRUTE_FORCE
1.178823314703795,55.0,36.0,0.868339048693018,10.0,BRUTE_FORCE
1.2436667211762134,29.0,37.0,0.7983552490134398,5.0,BRUTE_FORCE
2.6914282049522265,39.0,37.0,1.511570602343613,8.0,BRUTE_FORCE
0.14730784129455707,31.0,43.0,1.0457928693468814,5.0,BRUTE_FORCE
6.826944857448971,24.0,38.0,1.316058050634189,5.0,BRUTE_FORCE
0.3299420432431385,58.0,44.0,0.5106166760693733,6.0,BRUTE_FORCE
0.23875258166706578,41.0,45.0,1.1052839888142927,5.0,BRUTE_FORCE
4.925659841814339,59.0,32.0,1.4401481246266246,9.0,BRUTE_FORCE
2.753654168096323,13.0,10.0,0.8322939281529046,5.0,BRUTE_FORCE
2.7570635207442162,12.0,45.0,2.2066969575585684,7.0,BRUTE_FORCE
2.3674281029764574,54.0,55.0,0.6742909981927758,5.0,BRUTE_FORCE
0.7182218342689721,54.0,12.0,0.7580570829728392,8.0,BRUTE_FORCE
2.8065835756698254,79.0,22.0,0.9878227038695085,6.0,BRUTE_FORCE
0.46684790223607214,65.0,45.0,2.071135179305932,6.0,BRUTE_FORCE
1.8913555622386022,63.0,19.0,1.3067589863652083,4.0,BRUTE_FORCE
3.30374341443525,58.0,34.0,0.4886037174007972,8.0,BRUTE_FORCE
2.3380253618722002,13.0,32.0,0.758406768850313,7.0,BRUTE_FORCE
2.627691259185054,69.0,28.0,1.7869933816450163,5.0,BRUTE_FORCE
3.6317573851603298,75.0,19.0,0.21909656930226418,5.0,BRUTE_FORCE
2.834683928735521,48.0,46.0,2.000868551265068,6.0,BRUTE_FORCE
1.6152248194936367,24.0,37.0,1.7382701748629479,6.0,BRUTE_FORCE
2.6929982725071024,51.0,48.0,1.6900456770737258,9.0,BRUTE_FORCE
6.3975186699507205,50.0,58.0,1.1619000638029726,7.0,BRUTE_FORCE
0.9346118948730232,23.0,43.0,0.8542550105032549,4.0,BRUTE_FORCE
1.9557885212268336,37.0,6.0,1.1341084041388478,6.0,BRUTE_FORCE
1.924663292130785,74.0,44.0,0.6431917221296182,7.0,BRUTE_FORCE
0.25248020329824616,20.0,14.0,0.976539710560408,6.0,BRUTE_FORCE
1.0501919967047255,19.0,16.0,1.2385204136115608,9.0,BRUTE_FORCE
0.28357033845339186,10.0,58.0,2.094875143904593,7.0,BRUTE_FORCE
0.8586032459753745,46.0,51.0,0.37004001681342213,8.0,BRUTE_FORCE
1.3725410802567937,65.0,32.0,1.3536058415061913,10.0,BRUTE_FORCE
3.648619127752205,70.0,24.0,1.4851494436300303,5.0,BRUTE_FORCE
7.775034462528094,35.0,33.0,0.8391884319770184,4.0,BRUTE_FORCE
0.23442098396961017,79.0,41.0,0.7744974849350361,8.0,BRUTE_FORCE
0.16690440198353954,21.0,46.0,1.095468875386658,7.0,BRUTE_FORCE
7.766551952160082,52.0,38.0,0.5527183837931079,4.0,BRUTE_FORCE
1.8345773044233018,52.0,54.0,0.9332100793473921,10.0,BRUTE_FORCE
1.97856942671805,32.0,49.0,1.542933170933903,7.0,BRUTE_FORCE
2.195457025573511,10.0,59.0,1.3063869525312848,11.0,BRUTE_FORCE
0.3056344778381652,14.0,51.0,0.47329221841317193,9.0,BRUTE_FORCE
0.5306086581422448,26.0,30.0,0.948577918431965,11.0,BRUTE_FORCE
3.5992569218303596,55.0,8.0,0.9866028266821683,4.0,BRUTE_FORCE
1.652068350881535,71.0,32.0,1.419592433858156,5.0,BRUTE_FORCE
13.39510123746793,79.0,13.0,1.9076863424134531,4.0,BRUTE_FORCE
0.9403302284182752,40.0,45.0,1.1606786077251365,6.0,BRUTE_FORCE
3.7943443817250113,13.0,42.0,1.2109603771176425,6.0,BRUTE_FORCE
2.969024117347932,10.0,28.0,1.360733136892537,9.0,BRUTE_FORCE
1.4154041310197094,24.0,5.0,1.3176984661074487,7.0,BRUTE_FORCE
1.6941192567762133,42.0,53.0,0.0,11.0,BRUTE_FORCE
0.8409787209912172,53.0,42.0,1.5357004551868607,5.0,BRUTE_FORCE
1.5920227989078561,75.0,50.0,1.225547648291489,4.0,BRUTE_FORCE
0.8598426206038199,35.0,12.0,0.47549653871475683,11.0,BRUTE_FORCE
3.381141278658752,24.0,47.0,0.18466331629236787,11.0,BRUTE_FORCE
1.4349723305544773,55.0,54.0,1.0854854857841096,7.0,BRUTE_FORCE
5.603037705007569,60.0,19.0,0.8736571559995181,7.0,BRUTE_FORCE
4.9045120614002125,28.0,38.0,1.1960422648504347,9.0,BRUTE_FORCE
1.197508588018941,36.0,33.0,0.5647136918691219,10.0,BRUTE_FORCE
1.3677176683878471,17.0,20.0,0.5078638123537482,5.0,BRUTE_FORCE
1.6964365697181223,13.0,30.0,0.5051859317148313,4.0,BRUTE_FORCE
1.3304725454235544,16.0,35.0,1.470385593994108,7.0,BRUTE_FORCE
0.36037181067056506,65.0,53.0,1.9233132504152364,5.0,BRUTE_FORCE
0.3687255135819454,65.0,40.0,1.1111413587291419,7.0,BRUTE_FORCE
1.189383068388253,54.0,46.0,1.1119570670323307,10.0,BRUTE_FORCE
5.443560936224519,31.0,58.0,1.682070214986922,8.0,BRUTE_FORCE
3.8807037542772598,19.0,28.0,0.6490041560966223,5.0,BRUTE_FORCE
0.8054908070827553,51.0,12.0,0.6685495412245259,11.0,BRUTE_FORCE
0.7849088611623265,59.0,28.0,1.3735826121297907,6.0,BRUTE_FORCE
3.4289625481238843,48.0,14.0,0.6495841605669572,4.0,BRUTE_FORCE
0.18074163112402644,78.0,51.0,0.5823264733701213,4.0,BRUTE_FORCE
2.403218348547359,42.0,59.0,2.072574563886694,8.0,BRUTE_FORCE
0.18109838027304173,41.0,15.0,1.0219057359895547,5.0,BRUTE_FORCE
0.5344252516930457,66.0,29.0,0.9264989991857557,5.0,BRUTE_FORCE
0.5777094468435148,51.0,58.0,1.8361396180434246,8.0,BRUTE_FORCE
2.2759611505542954,33.0,50.0,1.461466091104704,6.0,BRUTE_FORCE
1.6638692789452787,45.0,44.0,1.3406480872102355,8.0,BRUTE_FORCE
4.04301332243806,12.0,13.0,0.863267876772588,11.0,BRUTE_FORCE
0.8229878533845063,22.0,53.0,1.5809618010735402,7.0,BRUTE_FORCE
0.12601232347939448,14.0,48.0,0.22423472662491162,6.0,BRUTE_FORCE
1.8398135612822537,76.0,58.0,1.315645641630084,7.0,BRUTE_FORCE
0.705700876471463,12.0,26.0,0.22169201460159826,9.0,BRUTE_FORCE
0.09676494817629708,44.0,38.0,0.2502062718985335,10.0,BRUTE_FORCE
1.1265712703683362,17.0,26.0,0.33517834888034614,7.0,BRUTE_FORCE
0.167322751246006,56.0,59.0,1.0552452693497343,11.0,BRUTE_FORCE
0.9481466493954647,39.0,59.0,1.188980729968437,11.0,BRUTE_FORCE
0.002227401141944806,32.0,32.0,0.0,6.0,BRUTE_FORCE
0.29765762158032505,14.0,24.0,0.7503513802140014,11.0,BRUTE_FORCE
2.63449191710218,79.0,26.0,1.3865536033476187,5.0,BRUTE_FORCE
2.791272225187245,41.0,37.0,0.4224101244297841,8.0,BRUTE_FORCE
3.148359722883611,23.0,40.0,1.3540543383442953,4.0,BRUTE_FORCE
0.46428941245511957,75.0,45.0,1.4783511583972921,8.0,BRUTE_FORCE
0.7652520890958813,76.0,56.0,1.0300145028760062,9.0,BRUTE_FORCE
1.0669744840367346,77.0,22.0,0.19457777221912664,10.0,BRUTE_FORCE
0.31762052527648726,69.0,41.0,1.1826504965108944,7.0,BRUTE_FORCE
0.4209096309109774,58.0,46.0,1.7010360736089216,9.0,BRUTE_FORCE
3.0613132332193063,39.0,18.0,1.4595382414938842,9.0,BRUTE_FORCE
0.2741581780034753,16.0,56.0,0.8548627279056743,9.0,BRUTE_FORCE
0.15188639256134903,11.0,39.0,0.40604359567896753,5.0,BRUTE_FORCE
5.6773665337001615,19.0,29.0,0.8234919716372189,5.0,BRUTE_FORCE
0.255902775779807,63.0,50.0,2.2324388179288417,8.0,BRUTE_FORCE
0.6876698948274497,50.0,10.0,0.8499298578037543,4.0,BRUTE_FORCE
1.9755603508401736,77.0,29.0,0.9697397388468457,10.0,BRUTE_FORCE
5.939916011958794,69.0,16.0,0.47415255595014905,11.0,BRUTE_FORCE
0.23426749590639326,29.0,22.0,1.3287598037479373,8.0,BRUTE_FORCE
0.2010141010771055,15.0,36.0,1.0710254721623045,8.0,BRUTE_FORCE
0.032122995000815044,40.0,55.0,0.1717835674144248,8.0,BRUTE_FORCE
2.7316718878030746,19.0,29.0,1.6282181711725947,5.0,BRUTE_FORCE
1.193067107940656,18.0,39.0,1.3229589128969055,8.0,BRUTE_FORCE
0.23293513084321685,71.0,50.0,1.6871547565895475,6.0,BRUTE_FORCE
0.35231530429565117,13.0,43.0,1.4686290447819697,11.0,BRUTE_FORCE
3.0273277980180877,61.0,33.0,1.7606650806660828,7.0,BRUTE_FORCE
1.9193591999274204,72.0,39.0,1.2353013003875224,10.0,BRUTE_FORCE
1.3419061230478917,23.0,11.0,1.3650566782548674,8.0,BRUTE_FORCE
0.8811339024946941,30.0,14.0,0.8836640457400007,10.0,BRUTE_FORCE
0.2654418912010007,48.0,9.0,0.4767610286877858,4.0,BRUTE_FORCE
0.7034821472308727,62.0,22.0,1.2081181834637977,8.0,BRUTE_FORCE
5.77502559034422,45.0,21.0,1.53809166066516,6.0,BRUTE_FORCE
0.5562782277000233,64.0,57.0,0.9949420442655443,5.0,BRUTE_FORCE
0.2448874306176128,43.0,56.0,2.1092107120573638,11.0,BRUTE_FORCE
2.4065277804446237,61.0,33.0,0.0,9.0,BRUTE_FORCE
0.8968107151481363,51.0,17.0,0.7775271199376642,4.0,BRUTE_FORCE
5.59540451344014,10.0,6.0,0.6654636306700417,7.0,BRUTE_FORCE
0.14309002028819914,19.0,54.0,1.5199523436980382,5.0,BRUTE_FORCE
0.5251829763656595,43.0,12.0,1.2940999674859286,6.0,BRUTE_FORCE
1.0765138808072194,58.0,19.0,1.2543341247935678,4.0,BRUTE_FORCE
0.12415896140742973,41.0,48.0,0.40435493035609693,4.0,BRUTE_FORCE
1.0542247955033117,17.0,17.0,1.0313426984434366,11.0,BRUTE_FORCE
0.15948708240326137,33.0,39.0,0.8173392243439457,11.0,BRUTE_FORCE
0.06519406454730507,29.0,25.0,1.0923401529324541,11.0,BRUTE_FORCE
0.7844357443206585,24.0,23.0,0.5095412785198512,10.0,BRUTE_FORCE
2.757147818610714,60.0,47.0,0.3360409641563634,5.0,BRUTE_FORCE
0.1864430841498111,73.0,14.0,1.5928520773314985,9.0,BRUTE_FORCE
0.15521571149338015,17.0,44.0,1.3594766553325335,4.0,BRUTE_FORCE
6.712776458245614,50.0,29.0,0.5693081488216281,5.0,BRUTE_FORCE
1.171038385443765,19.0,25.0,0.559769017588797,7.0,BRUTE_FORCE
0.623651271547765,62.0,36.0,1.0285065624485423,10.0,BRUTE_FORCE
1.3240273543356593,41.0,38.0,1.1342961394316284,6.0,BRUTE_FORCE
0.08049755195074475,34.0,44.0,1.1149772239211062,6.0,BRUTE_FORCE
1.4376816525988325,31.0,56.0,0.5458489345170972,9.0,BRUTE_FORCE
4.743916365496709,30.0,39.0,0.9770596090095406,5.0,BRUTE_FORCE
3.046556137994497,48.0,53.0,2.021492262675628,7.0,BRUTE_FORCE
4.522319177893618,30.0,12.0,1.4187813516791863,9.0,BRUTE_FORCE
2.3467658434825625,16.0,27.0,0.5931773219701627,7.0,BRUTE_FORCE
0.09965310168224312,31.0,32.0,1.5623993222965957,8.0,BRUTE_FORCE
2.3431662510216156,11.0,33.0,0.6003029619192822,8.0,BRUTE_FORCE
2.3301969373086964,32.0,28.0,0.7356916591251216,7.0,BRUTE_FORCE
2.3755745135649176,52.0,41.0,1.2931820093775466,8.0,BRUTE_FORCE
2.4485931507602934,32.0,33.0,0.5705806135234528,9.0,BRUTE_FORCE
3.7190053351934145,34.0,41.0,1.121982160639622,10.0,BRUTE_FORCE
0.31565453070334176,14.0,7.0,1.6634047100209954,4.0,BRUTE_FORCE
0.586070189826797,73.0,46.0,1.1235133218025564,5.0,BRUTE_FORCE
0.41076155027081473,36.0,6.0,1.8349522521757031,4.0,BRUTE_FORCE
0.8467552131162993,18.0,56.0,1.1973357649114906,7.0,BRUTE_FORCE
0.009438004501640958,43.0,57.0,0.60755084345888,4.0,BRUTE_FORCE
2.041885610125688,25.0,55.0,1.3241402169219296,10.0,BRUTE_FORCE
0.656483735427943,29.0,14.0,0.5914072666955024,11.0,BRUTE_FORCE
0.44080139792606315,35.0,41.0,0.0,9.0,BRUTE_FORCE
0.9577555976706071,66.0,49.0,0.23717184271495262,7.0,BRUTE_FORCE
0.9264810707209937,13.0,33.0,1.631292051713591,9.0,BRUTE_FORCE
2.3133601604811274,13.0,28.0,0.8901298482985616,5.0,BRUTE_FORCE
1.6464859004030914,28.0,35.0,0.8415891193541012,7.0,BRUTE_FORCE
3.137853039860216,31.0,28.0,0.5909005582888465,8.0,BRUTE_FORCE
2.4662278832706916,67.0,42.0,0.998312771294524,8.0,BRUTE_FORCE
2.797333193652476,64.0,53.0,0.0,10.0,BRUTE_FORCE
0.4842020135311593,72.0,56.0,1.4004683198147312,4.0,BRUTE_FORCE
1.6413548048257698,26.0,10.0,1.0949239181062322,7.0,BRUTE_FORCE
1.2339165467223359,56.0,31.0,1.2883790330965361,10.0,BRUTE_FORCE
0.949448792105512,18.0,30.0,0.8138966119644735,11.0,BRUTE_FORCE
0.40827737420612237,70.0,14.0,1.544374309852093,5.0,BRUTE_FORCE
0.3252165207933216,79.0,21.0,1.3589951549580854,6.0,BRUTE_FORCE
0.6387407821438075,28.0,46.0,1.8377736967722427,6.0,BRUTE_FORCE
1.0107306295534628,73.0,9.0,1.2568000532848582,7.0,BRUTE_FORCE
0.2578861024162248,13.0,43.0,0.7336495801690444,10.0,BRUTE_FORCE
1.2349699462743302,79.0,45.0,1.830629607273935,9.0,BRUTE_FORCE
0.45932569089127495,69.0,35.0,0.7714518717068641,7.0,BRUTE_FORCE
1.9258093811086991,16.0,39.0,0.9499229617600236,10.0,BRUTE_FORCE
4.260910453589357,19.0,20.0,0.8981631249115171,11.0,BRUTE_FORCE
2.5643020564748897,53.0,13.0,1.7463442844797608,8.0,BRUTE_FORCE
3.452278610076659,66.0,25.0,0.8644381994787156,7.0,BRUTE_FORCE
0.6815036738444674,24.0,22.0,0.9156016066489274,11.0,BRUTE_FORCE
1.9620330854988413,29.0,28.0,1.0554780480340218,10.0,BRUTE_FORCE
3.8487970602262167,23.0,41.0,1.5798956226446528,5.0,BRUTE_FORCE
7.001664285240299,78.0,7.0,0.811542887293052,10.0,BRUTE_FORCE
0.39738314724170337,21.0,45.0,0.3334213446731725,4.0,BRUTE_FORCE
0.29517635469858533,77.0,46.0,2.2073954993293157,4.0,BRUTE_FORCE
3.422223889673599,70.0,38.0,1.5087506145420906,7.0,BRUTE_FORCE
2.309521701372949,50.0,43.0,2.331591175059912,9.0,BRUTE_FORCE
1.4326744640820674,74.0,14.0,0.3310632543948837,8.0,BRUTE_FORCE
0.2734908456775199,31.0,52.0,1.2757796351062118,4.0,BRUTE_FORCE
1.9902679024683922,48.0,26.0,0.0,7.0,BRUTE_FORCE
0.1157337540488278,49.0,42.0,0.49513464764503123,7.0,BRUTE_FORCE
0.7920273756481514,30.0,24.0,0.0,5.0,BRUTE_FORCE
0.7214374988490856,24.0,44.0,0.9817333250406947,8.0,BRUTE_FORCE
1.939896281266623,49.0,32.0,0.75125067079743,5.0,BRUTE_FORCE
1.469523276790317,75.0,29.0,0.6557482460364121,11.0,BRUTE_FORCE
1.1222875759879132,15.0,43.0,1.0416735354966213,7.0,BRUTE_FORCE
1.0816684117974429,59.0,47.0,1.4406423907163843,6.0,BRUTE_FORCE
1.0471228176357068,17.0,28.0,0.7363570278798899,7.0,BRUTE_FORCE
2.8338001977914535,45.0,41.0,0.7438351627888482,8.0,BRUTE_FORCE
0.6740531736459994,51.0,24.0,0.42911795374209993,9.0,BRUTE_FORCE
2.8373397226631187,16.0,20.0,1.2677887234442144,6.0,BRUTE_FORCE
0.812058800757073,17.0,41.0,2.271833947650764,11.0,BRUTE_FORCE
1.911892299362466,13.0,34.0,1.0914034546026683,9.0,BRUTE_FORCE
6.181955078600349,10.0,49.0,0.5703298581503446,10.0,BRUTE_FORCE
0.23508539455276908,39.0,17.0,1.571192571987063,5.0,BRUTE_FORCE
0.3266420322719426,36.0,9.0,0.9064278674977256,4.0,BRUTE_FORCE
0.1757635953236888,77.0,29.0,1.4928649978399315,7.0,BRUTE_FORCE
3.977322490323771,70.0,32.0,1.097192150788668,8.0,BRUTE_FORCE
0.6330111785895428,59.0,10.0,0.8234168535946558,6.0,BRUTE_FORCE
2.565680237563541,12.0,16.0,0.336031743115774,7.0,BRUTE_FORCE
1.3416416995130511,30.0,32.0,1.541589298528128,11.0,BRUTE_FORCE
0.16418877673715285,43.0,45.0,0.7008160948848906,6.0,BRUTE_FORCE
1.077255626256382,67.0,15.0,1.820523314864479,4.0,BRUTE_FORCE
1.029284204025434,20.0,34.0,1.7912481817901011,10.0,BRUTE_FORCE
0.5273927984649295,42.0,24.0,1.2567477384605077,8.0,BRUTE_FORCE
2.02960790011936,37.0,51.0,1.5973370721640108,10.0,BRUTE_FORCE
0.32918422775481687,29.0,5.0,0.4393096809626076,11.0,BRUTE_FORCE
0.13580411332247666,67.0,29.0,0.8878724206212152,10.0,BRUTE_FORCE
0.6557229903401678,72.0,25.0,0.7029116256350212,6.0,BRUTE_FORCE
2.592631061978609,26.0,43.0,1.7289776167828455,4.0,BRUTE_FORCE
2.7959064181446625,15.0,31.0,0.7421679830788943,10.0,BRUTE_FORCE
0.3334014836535214,23.0,40.0,0.2195545486229673,8.0,BRUTE_FORCE
1.4239564181743758,44.0,23.0,0.28598458344961764,9.0,BRUTE_FORCE
2.9183029067479547,49.0,28.0,0.8111745693327217,9.0,BRUTE_FORCE
4.50354605609498,31.0,52.0,0.9918006118721058,4.0,BRUTE_FORCE
0.6221150422529388,37.0,24.0,1.0979875169323012,8.0,BRUTE_FORCE
5.925104950385514,72.0,13.0,1.1584897088867032,6.0,BRUTE_FORCE
1.7811030807709236,23.0,42.0,2.0997633155806668,8.0,BRUTE_FORCE
1.4004870677410597,49.0,21.0,1.266015096646226,9.0,BRUTE_FORCE
0.084998048916775,23.0,15.0,0.14989756272596688,8.0,BRUTE_FORCE
0.6349260959014261,68.0,18.0,1.2641515173334592,9.0,BRUTE_FORCE
1.6439686236542361,50.0,59.0,0.8214488150961301,11.0,BRUTE_FORCE
0.49282657206177405,57.0,34.0,1.3971917089895887,7.0,BRUTE_FORCE
1.573570690595221,29.0,41.0,0.6331060131073181,6.0,BRUTE_FORCE
1.2062927141928035,70.0,13.0,1.0180316957348137,7.0,BRUTE_FORCE
3.6524523368451214,28.0,30.0,0.43978867004419153,7.0,BRUTE_FORCE
1.0545705430594992,30.0,55.0,0.9450311423149083,9.0,BRUTE_FORCE
1.6123430351871233,37.0,8.0,0.4927905614160002,9.0,BRUTE_FORCE
2.7815249956714787,76.0,26.0,1.391435121790673,7.0,BRUTE_FORCE
5.411538236217497,10.0,12.0,1.7395394867028802,10.0,BRUTE_FORCE
0.9405243201257553,34.0,22.0,1.3055718273247714,4.0,BRUTE_FORCE
0.07304082796999428,74.0,33.0,1.4032820883404997,8.0,BRUTE_FORCE
1.184146744731752,49.0,18.0,1.1030247589397566,6.0,BRUTE_FORCE
1.0678395320781846,70.0,42.0,2.2422336843207167,4.0,BRUTE_FORCE
0.013848394086720542,71.0,12.0,0.64850126986508,6.0,BRUTE_FORCE
3.3433490447505556,58.0,46.0,0.8450589631781243,6.0,BRUTE_FORCE
0.08172552175582828,18.0,28.0,0.10287138474497004,8.0,BRUTE_FORCE
0.6027493647930061,68.0,43.0,1.0660683606679904,10.0,BRUTE_FORCE
3.73183380413805,22.0,15.0,1.6653085177547946,9.0,BRUTE_FORCE
8.884828335560599,10.0,44.0,0.800444073898625,7.0,BRUTE_FORCE
2.3558689424530956,70.0,57.0,0.673551613794219,8.0,BRUTE_FORCE
1.6852530017371548,78.0,12.0,1.4606238424551727,4.0,BRUTE_FORCE
1.8210684331208182,39.0,49.0,0.7288138392806021,10.0,BRUTE_FORCE
0.11046580844753937,75.0,8.0,1.8061103141277122,9.0,BRUTE_FORCE
2.900184990578722,45.0,22.0,1.448419657932766,8.0,BRUTE_FORCE
0.23219788259541116,24.0,45.0,1.760699248915961,10.0,BRUTE_FORCE
0.9579195087806301,38.0,45.0,0.7545312750643174,5.0,BRUTE_FORCE
0.8087248751216501,60.0,58.0,0.9507059338578692,4.0,BRUTE_FORCE
1.7068122790071178,37.0,7.0,1.0094248114724238,7.0,BRUTE_FORCE
1.8283888831547355,12.0,20.0,1.104956044820935,9.0,BRUTE_FORCE
0.2759598183735281,50.0,16.0,1.8433195929021722,6.0,BRUTE_FORCE
1.072356926037072,71.0,53.0,0.9069388261239152,10.0,BRUTE_FORCE
0.7565868291439043,32.0,28.0,0.6156568429649789,4.0,BRUTE_FORCE
0.1255721999191198,45.0,39.0,1.5239710308760712,8.0,BRUTE_FORCE
0.5797971359642327,62.0,42.0,0.8323021386131035,5.0,BRUTE_FORCE
1.6061306546562044,76.0,32.0,0.7190571682262856,7.0,BRUTE_FORCE
4.472153191787719,72.0,27.0,0.33569739020221834,11.0,BRUTE_FORCE
3.9674098256529673,33.0,43.0,0.9608646680982925,5.0,BRUTE_FORCE
0.3285968864486695,46.0,11.0,0.8271952426516507,7.0,BRUTE_FORCE
0.08246155753142363,27.0,32.0,1.1138266413156521,6.0,BRUTE_FORCE
0.7495762807993348,20.0,53.0,0.0,4.0,BRUTE_FORCE
0.9043812185269613,17845.0,64.0,711.3329449276456,0.0,DDoS
0.08897695603692332,7744.0,108.0,1581.7462339796216,0.0,DDoS
2.861162554884105,11370.0,173.0,865.5756878025331,0.0,DDoS
0.02515603578066923,8591.0,50.0,1229.302756668084,0.0,DDoS
0.018903261664960452,4169.0,124.0,1122.3611811998694,0.0,DDoS
0.3701326361289737,10315.0,100.0,1679.5941511514152,0.0,DDoS
0.5139730302159812,8344.0,112.0,1237.7253517606262,0.0,DDoS
0.07386918384397627,16973.0,144.0,1195.7405926765982,0.0,DDoS
0.3895725785679682,5236.0,48.0,1358.6873809177562,0.0,DDoS
0.607869931805663,10556.0,85.0,588.3116168983752,0.0,DDoS
0.22685369550895232,11569.0,159.0,1070.022034953737,0.0,DDoS
0.987583340336977,6857.0,84.0,1505.9773738790923,0.0,DDoS
0.33538511873359184,3627.0,190.0,606.2100568872637,0.0,DDoS
0.11991140600171582,7004.0,110.0,1424.3730768352602,0.0,DDoS
1.3575534054179108,4151.0,151.0,1389.3169554064518,0.0,DDoS
0.7754589146559634,14452.0,84.0,1003.775997055704,0.0,DDoS
0.1281201167582317,12238.0,63.0,1336.5183416816894,0.0,DDoS
0.7191821772766637,3708.0,46.0,1428.231824901184,0.0,DDoS
1.6319868985460966,18859.0,4.0,1292.4151618512308,0.0,DDoS
1.264721813739335,15331.0,168.0,1082.5054297734628,0.0,DDoS
1.6770461007603594,7867.0,51.0,1313.130118170656,0.0,DDoS
1.5934231002121702,9166.0,182.0,1191.2211558945064,0.0,DDoS
0.3764252970242914,15527.0,150.0,928.2803097412143,0.0,DDoS
0.39091283424190076,14991.0,178.0,1003.870098405354,0.0,DDoS
1.7988757830412034,8142.0,3.0,540.1167844498337,0.0,DDoS
1.3143516724680664,17688.0,71.0,686.2681627307059,0.0,DDoS
1.539110552714229,5935.0,71.0,1549.7418057625157,0.0,DDoS
0.05159463095006672,18165.0,66.0,1138.6635060944327,0.0,DDoS
0.4758283189347398,3137.0,21.0,1899.9733212855904,0.0,DDoS
0.9310892785069268,5906.0,53.0,1257.6848023197124,0.0,DDoS
0.5993105507600774,19611.0,193.0,1627.7809744437345,0.0,DDoS
0.32446087800474044,17906.0,183.0,1592.4672233476622,0.0,DDoS
0.6016014822570387,11764.0,0.0,1162.881499119848,0.0,DDoS
0.05722218598835658,11959.0,135.0,1093.0585087895008,0.0,DDoS
1.172002678182413,12433.0,190.0,1556.6740114423928,0.0,DDoS
0.0742228579159326,13528.0,33.0,1412.4911541603192,0.0,DDoS
0.06466383725946027,3381.0,74.0,707.9200082324053,0.0,DDoS
0.3431759978395046,11101.0,187.0,710.232479102372,0.0,DDoS
0.6883833904293383,14449.0,123.0,985.2249447724402,0.0,DDoS
0.9823022862269198,9355.0,65.0,1300.8480138828122,0.0,DDoS
0.06055665924660199,4555.0,33.0,717.7320406893077,0.0,DDoS
0.2639201427644093,4951.0,119.0,971.1825664301357,0.0,DDoS
0.4154931873420269,19972.0,38.0,1116.4826487567066,0.0,DDoS
0.2049766967782309,17592.0,157.0,1390.0083944530957,0.0,DDoS
3.089867174381058,17061.0,30.0,704.1243906483348,0.0,DDoS
1.7561267485330452,9190.0,31.0,1560.9337939292413,0.0,DDoS
0.47732432952488146,2159.0,113.0,1740.153354453256,0.0,DDoS
0.2215854127132084,8555.0,109.0,1571.6839058818312,0.0,DDoS
1.3831845711853754,3228.0,58.0,1270.9745252628593,0.0,DDoS
1.1945556061099427,7585.0,11.0,1610.9126333909342,0.0,DDoS
0.5492478167197782,14641.0,126.0,991.5860606732825,0.0,DDoS
0.044691007780733094,16027.0,48.0,1077.2152685660687,0.0,DDoS
0.30569594604311723,5167.0,37.0,1200.0621194754592,0.0,DDoS
1.8085921525708988,16087.0,168.0,1197.2099036584157,0.0,DDoS
0.3328618708974562,7793.0,171.0,1255.470245078693,0.0,DDoS
0.678549042681995,18209.0,142.0,884.1104764799079,0.0,DDoS
2.291536108748753,17927.0,178.0,636.1318115969934,0.0,DDoS
0.0748241934498892,10662.0,156.0,843.2781402588457,0.0,DDoS
0.3923594510100105,8318.0,22.0,1626.824440829982,0.0,DDoS
0.23467191421818578,2234.0,12.0,1477.8646206724777,0.0,DDoS
0.1615042172058186,14718.0,24.0,1002.5179670396046,0.0,DDoS
0.28311699920261185,14820.0,83.0,1081.8728050580364,0.0,DDoS
1.2179620608915847,19508.0,47.0,1068.5670527269215,0.0,DDoS
0.38906267773366887,3378.0,46.0,1241.9330909298706,0.0,DDoS
0.09410620968504847,11083.0,198.0,1581.2098755276575,0.0,DDoS
1.1673247772904398,4257.0,140.0,1389.2447547433858,0.0,DDoS
0.43000608868640056,4005.0,99.0,950.6490342586005,0.0,DDoS
0.9060990227067558,11388.0,161.0,1625.113146284285,0.0,DDoS
0.40167026621336543,19845.0,64.0,1241.489606935743,0.0,DDoS
1.7673851162183933,13515.0,12.0,1098.0256482692348,0.0,DDoS
0.04787809827496487,4100.0,73.0,1212.2757526187163,0.0,DDoS
0.011841924555553366,5841.0,80.0,899.3437632655582,0.0,DDoS
0.10624785864367098,4158.0,101.0,1134.589236540534,0.0,DDoS
0.6056157100106581,5253.0,115.0,408.35744992203,0.0,DDoS
0.007978712366522174,17193.0,64.0,1361.4185160545426,0.0,DDoS
0.2990148637519043,13023.0,174.0,1187.495759283032,0.0,DDoS
0.19856947011266868,18093.0,161.0,971.0553530568857,0.0,DDoS
0.16045932434708443,19908.0,152.0,1240.7261639752994,0.0,DDoS
1.1867443617024898,8155.0,15.0,551.5319000042421,0.0,DDoS
0.6716350900811451,19356.0,134.0,1276.6720961137107,0.0,DDoS
1.6912602770583136,14512.0,199.0,1355.9594556036807,0.0,DDoS
0.18564140765098902,14903.0,194.0,1783.0809144549512,0.0,DDoS
0.9906731770265618,3102.0,123.0,1245.0403902018654,0.0,DDoS
0.5136740708925239,10707.0,89.0,1390.7188608471927,0.0,DDoS
3.7010246514256924,11171.0,177.0,1256.3407643673265,0.0,DDoS
0.8275892253350219,18661.0,16.0,721.8848953946901,0.0,DDoS
0.20430746351887286,2025.0,24.0,1087.441085902819,0.0,DDoS
1.216123432898528,10652.0,180.0,1104.6854709731297,0.0,DDoS
0.5993765471119261,2215.0,181.0,1536.8591861201423,0.0,DDoS
0.5078849097039154,16824.0,173.0,1355.2631327436814,0.0,DDoS
0.0513776099792582,3696.0,177.0,949.4571295109931,0.0,DDoS
0.28753347398171275,14001.0,14.0,1826.861616508432,0.0,DDoS
0.3498962862279897,8353.0,77.0,1396.3962488724023,0.0,DDoS
0.6327441020846428,3932.0,2.0,1255.3958327713801,0.0,DDoS
0.14497751794015493,10811.0,160.0,772.8128542649565,0.0,DDoS
0.11787160177127783,8474.0,76.0,1120.0043012296755,0.0,DDoS
0.5993215157640732,16607.0,67.0,1684.971148235225,0.0,DDoS
2.4197962545616414,9866.0,89.0,870.3892567845899,0.0,DDoS
0.5914194391383253,9186.0,54.0,1134.7377754248168,0.0,DDoS
0.19259506391133902,2619.0,114.0,753.2998934628084,0.0,DDoS
1.0537807130967427,16122.0,79.0,1608.3630345963356,0.0,DDoS
3.028591027887485,7366.0,7.0,901.5000320368927,0.0,DDoS
0.141076139584685,14782.0,93.0,1741.304432936023,0.0,DDoS
0.8186892419690823,14474.0,83.0,1142.7288624818104,0.0,DDoS
0.6660843101669264,14424.0,164.0,1198.0945329681394,0.0,DDoS
0.007263651080723428,10155.0,155.0,1668.6765395851264,0.0,DDoS
0.20771821677113356,6967.0,65.0,824.8776798090847,0.0,DDoS
0.578363411912881,11135.0,90.0,1381.35459790661,0.0,DDoS
0.2342318927382146,3196.0,9.0,1032.8159098911897,0.0,DDoS
1.853210078731873,9927.0,154.0,762.9486391820033,0.0,DDoS
2.478158721573844,11171.0,147.0,2248.76333688003,0.0,DDoS
1.1228011607962736,9778.0,112.0,760.9782124719934,0.0,DDoS
0.4701154429365487,14972.0,115.0,1434.8511494213676,0.0,DDoS
0.3906294639329636,19076.0,90.0,768.0677360669747,0.0,DDoS
0.42974101250873364,12593.0,168.0,958.8082803579066,0.0,DDoS
2.403966490028608,14996.0,138.0,1423.8264358619053,0.0,DDoS
0.6628521983296095,12642.0,108.0,652.6677339970612,0.0,DDoS
0.34838949801810126,12230.0,70.0,971.5062281585894,0.0,DDoS
1.495860966722892,13030.0,105.0,1626.0770797325881,0.0,DDoS
1.757769114764636,17089.0,115.0,1039.5853176568064,0.0,DDoS
0.18298821072462026,18998.0,45.0,941.995991526438,0.0,DDoS
0.18562212793048247,18654.0,164.0,890.9956272410675,0.0,DDoS
0.4929524605555168,18673.0,184.0,1004.1126026226567,0.0,DDoS
0.49784333952321413,5252.0,115.0,1564.014419971498,0.0,DDoS
0.4430257289502145,3380.0,56.0,1407.0710401140818,0.0,DDoS
2.891854029023021,15926.0,165.0,432.4894850228693,0.0,DDoS
0.00811348955999409,12179.0,75.0,1498.494500637706,0.0,DDoS
0.2031848243553688,14707.0,168.0,1151.2421615610301,0.0,DDoS
1.5093417824296278,4749.0,100.0,682.2579813628209,0.0,DDoS
0.9975636287939387,18589.0,184.0,996.7306042993034,0.0,DDoS
0.3708241919734243,17088.0,15.0,1637.919562511382,0.0,DDoS
0.0653636443638649,12014.0,169.0,683.9692347156545,0.0,DDoS
0.9884280986854622,10712.0,138.0,1344.0913959039897,0.0,DDoS
0.7920231200642575,12965.0,16.0,1029.1848899555619,0.0,DDoS
0.736146396129795,13156.0,100.0,1515.5842853168756,0.0,DDoS
0.08652795683087527,7310.0,50.0,900.5818118056761,0.0,DDoS
0.36871558094980544,3914.0,197.0,1524.5826179222547,0.0,DDoS
2.03059046056963,2406.0,121.0,1498.6597407249242,0.0,DDoS
1.0444532618842266,15050.0,168.0,1073.2099317835325,0.0,DDoS
0.17376954551922663,6357.0,83.0,1402.9794049847542,0.0,DDoS
3.0727100978020925,2174.0,108.0,1331.8503691860678,0.0,DDoS
2.3513404244073612,14112.0,194.0,1433.6809510536343,0.0,DDoS
0.526997252713559,9619.0,145.0,469.4808930681529,0.0,DDoS
0.012953803857599314,3907.0,162.0,1243.2279142822435,0.0,DDoS
0.009186935283410844,6997.0,120.0,744.6378759957572,0.0,DDoS
0.6113546729859243,7287.0,82.0,1092.8912397580173,0.0,DDoS
0.44912823869173935,2999.0,12.0,1145.771853061332,0.0,DDoS
2.60595485185208,10125.0,146.0,615.4958221718185,0.0,DDoS
0.40407855480222343,19266.0,56.0,1056.3487631974788,0.0,DDoS
1.2743848466485126,12758.0,183.0,941.1672707870639,0.0,DDoS
2.190359386992691,18199.0,123.0,796.3545491243333,0.0,DDoS
0.1655351486940714,17924.0,74.0,1404.6178525730402,0.0,DDoS
0.16998812398811147,12808.0,155.0,1402.8930179992738,0.0,DDoS
0.41471990301906336,8261.0,119.0,1158.7937478281567,0.0,DDoS
1.225092518866667,18402.0,196.0,1039.2595610843107,0.0,DDoS
0.05987461245636633,14253.0,46.0,687.792612722116,0.0,DDoS
0.3842902132582367,7941.0,147.0,1032.3015816354005,0.0,DDoS
0.260420999714636,17166.0,104.0,1302.0178100582405,0.0,DDoS
3.144505706623725,12561.0,5.0,1209.839098623476,0.0,DDoS
0.6348774981630481,3988.0,81.0,972.4513995899791,0.0,DDoS
0.9754165189625248,9162.0,130.0,646.1436413285719,0.0,DDoS
0.18386563429707,16114.0,1.0,921.146741942277,0.0,DDoS
0.27113725170697106,3518.0,19.0,1262.1801988196833,0.0,DDoS
0.28224969177468756,15237.0,147.0,1220.803301110875,0.0,DDoS
0.7311240382070593,17253.0,66.0,1649.5747716035605,0.0,DDoS
0.3737785610885858,3306.0,9.0,1574.3270502228647,0.0,DDoS
0.4792687332631868,6195.0,58.0,1456.9352040045478,0.0,DDoS
0.7283826905762871,9619.0,64.0,1729.0672320020153,0.0,DDoS
0.09960389862007749,17674.0,149.0,1846.5998244571852,0.0,DDoS
2.2382542820735516,17226.0,21.0,906.7313623581939,0.0,DDoS
0.7851003633869106,6396.0,67.0,1048.9736840019507,0.0,DDoS
2.202443987705509,2082.0,128.0,1157.517056953257,0.0,DDoS
0.19926533719192097,10367.0,165.0,1427.3716188333035,0.0,DDoS
0.08597294113650211,18753.0,26.0,1637.7321471905934,0.0,DDoS
0.4547394854600551,5676.0,122.0,1267.5923766122826,0.0,DDoS
1.0282846015648477,4962.0,91.0,1089.1419213499923,0.0,DDoS
0.7600676622817166,12451.0,167.0,812.3211914683144,0.0,DDoS
0.8490395439262004,12996.0,150.0,1406.9123415735583,0.0,DDoS
0.041050279301825914,19721.0,160.0,908.0653919336039,0.0,DDoS
0.8939221874425176,14625.0,93.0,636.7671344291673,0.0,DDoS
2.420799965307211,6370.0,163.0,1322.3630347125963,0.0,DDoS
2.1590009545571074,16924.0,173.0,1335.7594309078454,0.0,DDoS
0.405265256542892,18986.0,7.0,696.9274578092237,0.0,DDoS
0.05673181886962966,18873.0,72.0,1227.7621846480868,0.0,DDoS
0.18475653212594514,13035.0,96.0,1021.0814346193545,0.0,DDoS
1.8056771680472048,14855.0,186.0,1522.28028387296,0.0,DDoS
0.48461531713703887,7307.0,167.0,798.4182600830254,0.0,DDoS
0.46749953592318017,7738.0,36.0,1407.8755869094834,0.0,DDoS
1.2259346787393213,12751.0,138.0,1200.8056022264336,0.0,DDoS
0.7307267120111693,15516.0,3.0,389.4494597551677,0.0,DDoS
0.7137325933556388,10003.0,128.0,959.4638541872996,0.0,DDoS
1.156634169391041,15261.0,165.0,470.9423618531189,0.0,DDoS
0.8517716072960986,7103.0,156.0,990.2285348144617,0.0,DDoS
0.058479845280537346,4761.0,91.0,1052.2925778019462,0.0,DDoS
0.8730378110290657,17954.0,34.0,1240.7155771643995,0.0,DDoS
1.3112768500738607,2195.0,139.0,1249.4730430279672,0.0,DDoS
0.23009973543696152,2060.0,62.0,2084.7283275926175,0.0,DDoS
0.06378523714992132,5927.0,152.0,1573.403874221036,0.0,DDoS
1.408752217091659,17748.0,35.0,1384.710218808766,0.0,DDoS
0.8002088759584286,3200.0,105.0,1030.4479105182063,0.0,DDoS
0.2534127545873805,8972.0,136.0,978.4393723496441,0.0,DDoS
0.06465641392823768,2661.0,168.0,872.3862601647122,0.0,DDoS
1.5661573895646825,18322.0,157.0,1476.5404505931756,0.0,DDoS
0.46272787779046176,15596.0,164.0,1344.8063661627639,0.0,DDoS
0.42359042916058565,7520.0,103.0,969.8947419294,0.0,DDoS
1.5900583249578915,10837.0,107.0,1643.3045633813035,0.0,DDoS
0.5787751797016409,3673.0,114.0,1115.6941058185243,0.0,DDoS
0.20119461172934644,15545.0,27.0,1327.4898348742636,0.0,DDoS
0.29801410302174564,18530.0,117.0,1047.4831886225795,0.0,DDoS
0.1983117035776184,6507.0,151.0,1001.7773891894075,0.0,DDoS
0.7663164385207974,5552.0,18.0,572.3678311124328,0.0,DDoS
0.908997726572019,7097.0,192.0,1623.8502170309675,0.0,DDoS
0.18219040953488597,3920.0,161.0,1359.0573922028734,0.0,DDoS
0.0179122218870109,2238.0,47.0,612.4675373596086,0.0,DDoS
0.7443885833061886,17641.0,16.0,1099.2807015240835,0.0,DDoS
0.18479151350355716,17810.0,6.0,963.1663919277037,0.0,DDoS
1.1861974134083404,9374.0,28.0,1508.3083780504435,0.0,DDoS
0.7920067768512735,12655.0,25.0,1296.0681556498039,0.0,DDoS
0.2336438375375956,2504.0,85.0,1573.3494228063173,0.0,DDoS
1.482871309174337,12738.0,107.0,1239.6062767852673,0.0,DDoS
0.3247262398695907,6434.0,146.0,1128.3261474047913,0.0,DDoS
1.5446739017387652,6994.0,138.0,1629.0466909679635,0.0,DDoS
0.06297463175036629,12674.0,127.0,1571.2314404052418,0.0,DDoS
0.1819951428960681,13999.0,135.0,1062.809503473963,0.0,DDoS
1.6787393622433144,12531.0,78.0,1454.5292646615853,0.0,DDoS
0.05510692588730187,13064.0,48.0,525.9331998046184,0.0,DDoS
0.06159591847209998,4382.0,19.0,1560.0236869280584,0.0,DDoS
4.697482767968746,2634.0,66.0,1052.4292657481385,0.0,DDoS
0.198883276002936,16394.0,182.0,823.7103411192745,0.0,DDoS
0.36908785117657716,4890.0,121.0,758.7273728437206,0.0,DDoS
0.34455856901125664,2897.0,61.0,1145.0418245334224,0.0,DDoS
1.4777780221137107,17240.0,91.0,1395.348438195694,0.0,DDoS
0.7997132651946515,18633.0,57.0,1231.1816502446698,0.0,DDoS
1.2184613136202247,4854.0,57.0,1026.2842356158237,0.0,DDoS
1.136714875514806,5163.0,8.0,959.7057620046875,0.0,DDoS
0.3408967749585927,3925.0,156.0,1651.9265166004739,0.0,DDoS
0.13822548258742448,17935.0,89.0,1391.7808613570753,0.0,DDoS
1.759502568159723,13748.0,61.0,760.1376507311504,0.0,DDoS
0.1361342186804343,2053.0,15.0,1742.7919049199331,0.0,DDoS
0.18077220338543412,7944.0,39.0,1134.586231382288,0.0,DDoS
0.7325753461326169,8539.0,114.0,1482.7705645608567,0.0,DDoS
1.3800179528972847,14945.0,61.0,1458.136814526661,0.0,DDoS
1.2726556537666585,6334.0,194.0,1477.981652413322,0.0,DDoS
2.238403727480843,15440.0,172.0,870.4347477580816,0.0,DDoS
1.3985817160895517,2922.0,99.0,670.5238847565471,0.0,DDoS
1.3887604333842993,17796.0,131.0,1111.8458890958682,0.0,DDoS
0.4952082880466601,18544.0,27.0,1421.7917522496891,0.0,DDoS
0.1959340004936307,5748.0,62.0,1444.901746781503,0.0,DDoS
0.24522485643339198,7710.0,4.0,1480.6176161394383,0.0,DDoS
0.795488047062513,2689.0,175.0,1138.772010895324,0.0,DDoS
0.31209951954586435,14391.0,76.0,1401.222283785061,0.0,DDoS
1.3962778831538094,17623.0,74.0,1112.3220714294691,0.0,DDoS
1.340093111336449,4850.0,186.0,1934.8379396874302,0.0,DDoS
1.5133292898300954,16282.0,157.0,847.1090229230194,0.0,DDoS
0.30007830332353314,2165.0,158.0,839.6089950696498,0.0,DDoS
1.1563375970679282,10305.0,176.0,1407.564343456526,0.0,DDoS
1.1494055567275374,15519.0,196.0,1521.4233905662475,0.0,DDoS
1.598632893546576,12776.0,67.0,1806.0147320788942,0.0,DDoS
3.740401768629642,2572.0,170.0,1094.5757292858802,0.0,DDoS
0.6917942951811599,17407.0,86.0,1669.0240076496325,0.0,DDoS
2.1068972032929874,5262.0,58.0,1138.0557044469458,0.0,DDoS
0.5068244426642404,4827.0,49.0,1368.1444196414807,0.0,DDoS
0.8387360399088769,16232.0,13.0,1387.6524050493108,0.0,DDoS
0.043858981113573975,15878.0,181.0,1465.5694448966974,0.0,DDoS
0.3736034569170783,15288.0,181.0,1788.7761571592384,0.0,DDoS
0.2575849911691469,12066.0,64.0,1201.1087015543542,0.0,DDoS
0.8083499899939117,11941.0,174.0,838.1999396782592,0.0,DDoS
0.482515130053684,13667.0,177.0,1312.0479808205166,0.0,DDoS
1.2080455016567249,3319.0,117.0,1666.2481262144322,0.0,DDoS
0.9259272500941815,16501.0,130.0,1456.1927929656672,0.0,DDoS
0.8151731259873497,11802.0,199.0,1555.2517582980436,0.0,DDoS
0.07977533642336115,13413.0,147.0,1289.9323691164693,0.0,DDoS
0.025806817232483847,8582.0,143.0,957.7693795591156,0.0,DDoS
0.9387025595091449,19359.0,44.0,1155.2984401908404,0.0,DDoS
2.9900180628749995,9382.0,87.0,896.091147116955,0.0,DDoS
1.727364928005941,12020.0,118.0,1647.6053608083166,0.0,DDoS
0.7719470113614411,7750.0,11.0,1093.7815359398733,0.0,DDoS
1.3585012424725837,5135.0,41.0,940.8406302380872,0.0,DDoS
2.2240482142343736,19478.0,107.0,1138.2421707358978,0.0,DDoS
0.14725186359229908,6145.0,101.0,976.0264960379284,0.0,DDoS
2.2831563965005928,5970.0,36.0,1166.5193007471296,0.0,DDoS
1.1393382434412436,16119.0,71.0,968.6947744904251,0.0,DDoS
0.4634841485178012,18575.0,135.0,1462.3551222397568,0.0,DDoS
0.19846841614420416,11275.0,137.0,1005.0704319455199,0.0,DDoS
0.23706946540498738,18351.0,35.0,1610.7764392265628,0.0,DDoS
0.18909138821987323,13349.0,3.0,858.4297880851141,0.0,DDoS
0.1271233632995463,14158.0,119.0,1464.355002912602,0.0,DDoS
0.06908869107123171,13905.0,30.0,1085.927533220939,0.0,DDoS
0.28810990074223136,12692.0,191.0,1605.6085428542144,0.0,DDoS
0.6953331532290904,3447.0,127.0,1284.6562222291282,0.0,DDoS
0.124461557449086,15757.0,86.0,772.0863233155776,0.0,DDoS
0.06868366552808641,9657.0,56.0,1434.4086667087531,0.0,DDoS
1.0047364320901147,7208.0,175.0,940.812264949436,0.0,DDoS
0.6339100949170374,15223.0,144.0,784.9639445794032,0.0,DDoS
1.585578800126268,9692.0,80.0,1318.1391894648755,0.0,DDoS
1.1590817983685793,9124.0,81.0,621.698226196317,0.0,DDoS
0.5092129073402621,19618.0,187.0,1424.0770407213179,0.0,DDoS
0.35878633316519587,2226.0,47.0,1786.9254759565351,0.0,DDoS
0.4177854096492011,16680.0,61.0,1042.1512939357533,0.0,DDoS
1.8688970742987374,4032.0,133.0,610.712243329316,0.0,DDoS
0.041934934068669424,31.0,4.0,182.44018990981175,0.0,PORTSCAN
0.17572168217900963,8.0,25.0,334.2337119032037,0.0,PORTSCAN
0.06766283221611923,28.0,30.0,166.51340837558033,0.0,PORTSCAN
0.09629682402434443,3.0,34.0,179.94656665384562,0.0,PORTSCAN
0.11675065146308215,8.0,6.0,269.089194872597,0.0,PORTSCAN
0.023464053987741578,35.0,10.0,293.6510311787729,0.0,PORTSCAN
0.02289511561743342,31.0,29.0,205.80865420382747,0.0,PORTSCAN
0.0794637251445945,25.0,31.0,157.7550773294763,0.0,PORTSCAN
0.012308298155587217,22.0,4.0,181.9676043966904,0.0,PORTSCAN
3.2680215703518454e-05,20.0,13.0,226.94595925718673,0.0,PORTSCAN
0.013201906310211821,13.0,17.0,219.28300002346188,0.0,PORTSCAN
0.0174033974605345,8.0,27.0,116.73576664337739,0.0,PORTSCAN
0.0020441789380499487,26.0,13.0,153.1746812605202,0.0,PORTSCAN
0.031562079962883564,28.0,25.0,166.6110221765557,0.0,PORTSCAN
0.060615093341318,17.0,30.0,268.60584232861856,0.0,PORTSCAN
0.386176476103123,32.0,29.0,230.3622726841703,0.0,PORTSCAN
0.061570940329710916,30.0,21.0,301.1800283771238,0.0,PORTSCAN
0.0023258936618296543,17.0,19.0,185.8949989981357,0.0,PORTSCAN
0.04774237154703567,31.0,23.0,201.06402185520318,0.0,PORTSCAN
0.04921808780217313,30.0,33.0,244.33661797772712,0.0,PORTSCAN
0.09586001094796397,16.0,9.0,232.4614395152549,0.0,PORTSCAN
0.020474188028570636,12.0,33.0,237.86967344886946,0.0,PORTSCAN
0.07422426482805276,11.0,39.0,211.24244080228192,0.0,PORTSCAN
0.006704365744556661,17.0,33.0,224.2732262323371,0.0,PORTSCAN
0.013520493303605842,23.0,6.0,234.2753869395102,0.0,PORTSCAN
0.02277631148269741,38.0,37.0,292.4304416648206,0.0,PORTSCAN
0.06920005083843575,35.0,11.0,158.30078229002663,0.0,PORTSCAN
0.017302043297754793,21.0,2.0,193.03539941116856,0.0,PORTSCAN
0.05511112589061934,17.0,6.0,194.18854784390209,0.0,PORTSCAN
0.056737881834062864,38.0,28.0,210.73565915852632,0.0,PORTSCAN
0.09422968339540977,36.0,13.0,155.5379585885838,0.0,PORTSCAN
0.0005168873392039226,32.0,17.0,247.76502791188764,0.0,PORTSCAN
0.06125065749837182,28.0,1.0,145.5840256485473,0.0,PORTSCAN
0.004660054591839211,33.0,12.0,136.03147520735774,0.0,PORTSCAN
0.010273352268225353,27.0,9.0,232.0239897600412,0.0,PORTSCAN
0.013721142544586874,12.0,31.0,190.47484470010943,0.0,PORTSCAN
0.008153734842803942,34.0,3.0,197.24008828563117,0.0,PORTSCAN
0.014161839422852346,9.0,26.0,224.2439340766066,0.0,PORTSCAN
0.052137568329810036,24.0,5.0,160.19919673920612,0.0,PORTSCAN
0.006096909978163909,27.0,16.0,172.0168655108017,0.0,PORTSCAN
0.07667159190419742,26.0,34.0,255.34250910949112,0.0,PORTSCAN
0.09694312675136804,20.0,12.0,194.29704138138217,0.0,PORTSCAN
0.11994118040788866,1.0,25.0,256.7810073591472,0.0,PORTSCAN
0.06541334379324902,3.0,21.0,144.6853243794183,0.0,PORTSCAN
0.02810222848269944,38.0,15.0,211.46570642173236,0.0,PORTSCAN
0.14968638245392157,15.0,25.0,285.63338564192844,0.0,PORTSCAN
0.008980593310915677,23.0,4.0,206.1421719270099,0.0,PORTSCAN
0.0435440166797027,21.0,28.0,149.5667999416586,0.0,PORTSCAN
0.10318604565400694,10.0,25.0,294.82062028863913,0.0,PORTSCAN
0.14293712325328775,8.0,11.0,210.98921617122306,0.0,PORTSCAN
0.0807176738031259,37.0,38.0,208.86093925358426,0.0,PORTSCAN
0.012084211585809954,9.0,2.0,154.39729489230467,0.0,PORTSCAN
0.06713620932495303,28.0,12.0,203.60184306418725,0.0,PORTSCAN
0.10322127948114997,13.0,8.0,189.3895515049424,0.0,PORTSCAN
0.017574251281346515,34.0,31.0,196.70126895545948,0.0,PORTSCAN
0.002710416837253274,12.0,1.0,222.53277776673275,0.0,PORTSCAN
0.030617913977190953,1.0,21.0,227.8276562266879,0.0,PORTSCAN
0.06835979425451436,22.0,38.0,133.22592154500543,0.0,PORTSCAN
0.11311256785510844,17.0,17.0,175.5804134591484,0.0,PORTSCAN
0.04074434138739107,13.0,17.0,221.00589991259864,0.0,PORTSCAN
0.08996668988695206,35.0,14.0,234.85326370071937,0.0,PORTSCAN
0.023981795446533664,15.0,27.0,188.0416809965481,0.0,PORTSCAN
0.07604975562854296,6.0,5.0,156.50099037625458,0.0,PORTSCAN
0.13571555523709794,23.0,25.0,167.01868494700443,0.0,PORTSCAN
0.04602525047633679,6.0,6.0,191.21090391167317,0.0,PORTSCAN
0.05308897423713689,18.0,4.0,220.41358204510152,0.0,PORTSCAN
0.04129837685176118,15.0,19.0,182.87253995711174,0.0,PORTSCAN
0.07426643573368664,35.0,17.0,208.52318854982855,0.0,PORTSCAN
0.0522397245530487,24.0,17.0,236.8626266471599,0.0,PORTSCAN
0.1147607950776276,1.0,35.0,145.4194402685896,0.0,PORTSCAN
0.02191731722567041,14.0,37.0,286.7468287918404,0.0,PORTSCAN
0.0036343489389965566,4.0,16.0,157.16139530866036,0.0,PORTSCAN
0.08781058708598181,28.0,32.0,195.33065705500258,0.0,PORTSCAN
0.10573487596197598,31.0,3.0,173.53339437758146,0.0,PORTSCAN
0.01315797039000406,9.0,39.0,287.74665358236206,0.0,PORTSCAN
0.012451666157664187,8.0,7.0,200.92008153917192,0.0,PORTSCAN
0.13613594879810317,16.0,35.0,211.26320586237748,0.0,PORTSCAN
0.004791091300968962,38.0,18.0,234.63613775584298,0.0,PORTSCAN
0.0022003323153533924,34.0,23.0,175.56561849244954,0.0,PORTSCAN
0.08946703451395797,6.0,4.0,267.4563174084203,0.0,PORTSCAN
0.07307852765086897,15.0,32.0,57.82573539741122,0.0,PORTSCAN
0.016036758188077746,10.0,20.0,201.02465064630124,0.0,PORTSCAN
0.012116603943403052,11.0,17.0,207.65612812955382,0.0,PORTSCAN
0.05965083732518537,4.0,17.0,249.5354126851758,0.0,PORTSCAN
0.06516587890408428,6.0,35.0,265.4005957830889,0.0,PORTSCAN
0.1466437376242599,20.0,22.0,141.05916798876015,0.0,PORTSCAN
0.07646160312407585,23.0,14.0,203.67172596205594,0.0,PORTSCAN
0.05824490590486503,9.0,23.0,183.1810668444798,0.0,PORTSCAN
0.003397462766991768,23.0,30.0,190.17389402863083,0.0,PORTSCAN
0.07487034216458409,34.0,25.0,247.45868532138363,0.0,PORTSCAN
0.07977948036351358,30.0,25.0,247.1423085866365,0.0,PORTSCAN
0.05419387148993198,34.0,10.0,255.51744899571466,0.0,PORTSCAN
0.013316439793397285,12.0,18.0,224.5603832705998,0.0,PORTSCAN
0.0025974371557295007,11.0,16.0,182.09853101265068,0.0,PORTSCAN
0.04265991271765617,26.0,16.0,182.06170319524267,0.0,PORTSCAN
0.0005683447831209117,12.0,13.0,195.92385865903256,0.0,PORTSCAN
0.041760314782407715,8.0,7.0,321.45721610060764,0.0,PORTSCAN
0.00707618053848331,12.0,13.0,265.01565960677965,0.0,PORTSCAN
0.08929787854022803,36.0,21.0,170.45914506320975,0.0,PORTSCAN
0.004583362524137148,26.0,16.0,232.75203068908945,0.0,PORTSCAN
0.01073703616044442,37.0,30.0,207.08927102301348,0.0,PORTSCAN
0.016407565332815812,14.0,10.0,174.80402643128684,0.0,PORTSCAN
0.054353400185768244,29.0,3.0,218.1591149145635,0.0,PORTSCAN
0.03312034563210343,19.0,13.0,225.9773164887198,0.0,PORTSCAN
0.042431122663409426,29.0,20.0,230.4221034737096,0.0,PORTSCAN
0.06619516539494456,36.0,2.0,235.71594679368266,0.0,PORTSCAN
0.0262509251776947,36.0,30.0,180.50381467202774,0.0,PORTSCAN
0.024871665370648693,23.0,34.0,207.9026744960066,0.0,PORTSCAN
0.010748560735327196,22.0,36.0,134.14340400267076,0.0,PORTSCAN
0.006511785235846411,19.0,38.0,238.80139569217377,0.0,PORTSCAN
0.013756827230918527,9.0,32.0,248.76562292389895,0.0,PORTSCAN
0.08696322232633,18.0,5.0,225.78140442219782,0.0,PORTSCAN
0.008498920631877977,4.0,29.0,160.99004354412688,0.0,PORTSCAN
0.22905517338501855,13.0,9.0,266.528745201952,0.0,PORTSCAN
0.008492078318230081,21.0,31.0,230.2611850509128,0.0,PORTSCAN
0.017085060709710605,32.0,2.0,255.77166486905674,0.0,PORTSCAN
0.028490004706164352,24.0,17.0,305.7165857365048,0.0,PORTSCAN
0.034728502201178464,16.0,39.0,152.32905488111624,0.0,PORTSCAN
0.13623416747176256,21.0,4.0,246.40225355028463,0.0,PORTSCAN
0.046215157992583966,12.0,31.0,227.14141756353382,0.0,PORTSCAN
0.0318336222361317,28.0,7.0,129.73754046133456,0.0,PORTSCAN
0.014586267837357858,24.0,4.0,198.21051570308515,0.0,PORTSCAN
0.005426197488699129,12.0,3.0,245.01992941975317,0.0,PORTSCAN
0.05642529664908359,2.0,16.0,222.5612659659254,0.0,PORTSCAN
0.00027097915593041346,33.0,13.0,234.18362107084585,0.0,PORTSCAN
0.05410851191727975,37.0,16.0,197.22763189431035,0.0,PORTSCAN
0.011934055210036522,27.0,16.0,218.50014231051827,0.0,PORTSCAN
0.020875769546610867,26.0,25.0,165.27558569861685,0.0,PORTSCAN
0.13215495923778767,9.0,10.0,179.10452271170547,0.0,PORTSCAN
0.004256042984742579,34.0,20.0,98.70960634443115,0.0,PORTSCAN
0.03295791736544091,36.0,24.0,234.47024683901336,0.0,PORTSCAN
0.03392268356392516,2.0,31.0,255.33188921090462,0.0,PORTSCAN
0.08187281782766404,37.0,28.0,262.7986460215577,0.0,PORTSCAN
0.009070160392520133,39.0,24.0,179.04190290830138,0.0,PORTSCAN
0.022529944282123234,24.0,14.0,260.8156019674702,0.0,PORTSCAN
0.08052350917302253,12.0,22.0,208.3569606605315,0.0,PORTSCAN
0.007732291877534686,14.0,16.0,150.11627136296755,0.0,PORTSCAN
0.25938593771501445,25.0,32.0,251.83234147096277,0.0,PORTSCAN
0.05640633958087998,3.0,23.0,218.38099201048556,0.0,PORTSCAN
5.563565158914325e-05,16.0,5.0,207.40447098991382,0.0,PORTSCAN
0.05421100550295199,31.0,14.0,260.63041187102283,0.0,PORTSCAN
0.06524089030112638,16.0,17.0,286.74159456136135,0.0,PORTSCAN
0.05468959462440756,32.0,15.0,101.4999772290563,0.0,PORTSCAN
0.004958921965445034,34.0,5.0,235.4359336758966,0.0,PORTSCAN
0.005459174856321206,14.0,15.0,276.7574360003774,0.0,PORTSCAN
0.11091223080504918,31.0,35.0,167.1522411800795,0.0,PORTSCAN
0.022049136037394088,20.0,35.0,258.5099354598302,0.0,PORTSCAN
0.11452684313306263,29.0,6.0,206.71482486238963,0.0,PORTSCAN
0.0836343621774754,5.0,27.0,277.9360606421718,0.0,PORTSCAN
0.01374152533316974,1.0,20.0,145.64638117152435,0.0,PORTSCAN
0.007425898743020589,26.0,16.0,196.72427454706337,0.0,PORTSCAN
0.27095537647438406,3.0,1.0,216.3930570375388,0.0,PORTSCAN
0.01928513265170799,2.0,29.0,100.63299115698779,0.0,PORTSCAN
0.09814746361713281,8.0,29.0,187.12699075442873,0.0,PORTSCAN
0.059315448754004574,5.0,27.0,267.4073924303486,0.0,PORTSCAN
0.006366788275454021,20.0,20.0,161.7527379560858,0.0,PORTSCAN
0.07001400752795063,38.0,27.0,199.99404257204532,0.0,PORTSCAN
0.04827046901619814,13.0,13.0,254.16702189556577,0.0,PORTSCAN
0.0013012693165001155,22.0,19.0,177.02255294191218,0.0,PORTSCAN
0.01281131481100138,8.0,26.0,113.09441802273066,0.0,PORTSCAN
0.005716955105387434,28.0,9.0,327.73431629510577,0.0,PORTSCAN
0.004497994544815265,19.0,39.0,167.89026737328643,0.0,PORTSCAN
0.1853990940909583,11.0,26.0,162.46489864818508,0.0,PORTSCAN
0.017525061974508784,11.0,38.0,197.7619846193913,0.0,PORTSCAN
0.037034277199889123,38.0,28.0,166.30378266352022,0.0,PORTSCAN
0.11410741444139767,8.0,7.0,123.73612327419667,0.0,PORTSCAN
0.05121684365473224,26.0,38.0,131.70879222922804,0.0,PORTSCAN
0.04064888725041598,37.0,24.0,192.55153451163517,0.0,PORTSCAN
0.12892201293291541,7.0,11.0,231.3416828514065,0.0,PORTSCAN
0.023103719378253063,23.0,23.0,209.32439769834752,0.0,PORTSCAN
0.01913500184604952,25.0,29.0,108.65357267610831,0.0,PORTSCAN
0.02072316861473304,36.0,14.0,247.17834409503723,0.0,PORTSCAN
0.008832265259667212,29.0,15.0,96.75213062076324,0.0,PORTSCAN
0.03008190139497681,25.0,38.0,165.70009791402893,0.0,PORTSCAN
0.02449190482470711,38.0,23.0,164.54895211847548,0.0,PORTSCAN
0.026803790170205195,7.0,22.0,297.6629568763284,0.0,PORTSCAN
0.007271838198971842,7.0,38.0,174.00333827537298,0.0,PORTSCAN
0.10131183599534231,33.0,1.0,175.3964964525677,0.0,PORTSCAN
0.008868968724160998,4.0,26.0,189.8799005684328,0.0,PORTSCAN
0.01209826187043167,7.0,30.0,203.84769951127726,0.0,PORTSCAN
0.022599962964390652,27.0,32.0,157.22163817883603,0.0,PORTSCAN
0.1193084151461727,18.0,28.0,148.60316194633305,0.0,PORTSCAN
0.017571990836621986,31.0,4.0,196.3013568202811,0.0,PORTSCAN
0.0476477367758926,39.0,26.0,196.2167197837085,0.0,PORTSCAN
0.031735930488721,22.0,11.0,128.35304396572428,0.0,PORTSCAN
0.07836917400554427,12.0,30.0,200.59641187000784,0.0,PORTSCAN
0.022298271276828686,1.0,26.0,151.73836995607712,0.0,PORTSCAN
0.1769200605080883,6.0,6.0,169.4365300402591,0.0,PORTSCAN
0.04623305784357476,18.0,31.0,192.89072505058883,0.0,PORTSCAN
0.2717393231550718,30.0,33.0,270.3629487532472,0.0,PORTSCAN
0.008075432349648772,39.0,9.0,226.42589421974628,0.0,PORTSCAN
0.10352407238252473,12.0,29.0,264.0696274491419,0.0,PORTSCAN
0.016448455459329533,39.0,18.0,191.25277169993439,0.0,PORTSCAN
0.04574722438072682,18.0,38.0,146.50523354597482,0.0,PORTSCAN
0.012188540500236045,11.0,4.0,169.63227833938942,0.0,PORTSCAN
0.011120415943100523,4.0,34.0,196.13894773884772,0.0,PORTSCAN
0.08041776604383907,6.0,25.0,263.45863282291896,0.0,PORTSCAN
0.02947419255341509,21.0,16.0,210.64749868358115,0.0,PORTSCAN
0.10060501109604508,9.0,22.0,185.11013002278554,0.0,PORTSCAN
0.003071812101437328,23.0,5.0,141.16482427337664,0.0,PORTSCAN
0.07213101899608107,39.0,15.0,122.78113233258068,0.0,PORTSCAN
0.049085476644450836,3.0,19.0,206.61363952487108,0.0,PORTSCAN
0.06779670433147544,12.0,38.0,227.74700997836686,0.0,PORTSCAN
0.035842027956804336,19.0,3.0,127.57050987418792,0.0,PORTSCAN
0.024126819898719315,4.0,21.0,190.1115477647193,0.0,PORTSCAN
0.0013074149636536575,8.0,23.0,209.45556083019704,0.0,PORTSCAN
0.03674529361608981,7.0,15.0,174.2495861822154,0.0,PORTSCAN
0.07521140040903153,34.0,22.0,183.88207245773788,0.0,PORTSCAN
0.03896468595696304,16.0,8.0,179.40883155181714,0.0,PORTSCAN
0.017592365228022988,25.0,12.0,206.59639833859785,0.0,PORTSCAN
0.20685690707422558,14.0,36.0,232.2584562686409,0.0,PORTSCAN
0.022169231298440145,6.0,5.0,237.2495709807041,0.0,PORTSCAN
0.14877753202898802,14.0,28.0,183.31105645805565,0.0,PORTSCAN
0.0039931978681562305,28.0,27.0,149.38633215814923,0.0,PORTSCAN
0.07261563480120281,28.0,33.0,289.07683409835226,0.0,PORTSCAN
0.0011234515329131857,34.0,3.0,149.73469882592667,0.0,PORTSCAN
0.1717936925092739,39.0,30.0,226.45081499460542,0.0,PORTSCAN
0.03370729461304623,5.0,25.0,202.8477220127449,0.0,PORTSCAN
0.0026160003808327024,10.0,12.0,136.92905041242997,0.0,PORTSCAN
0.003775791477930543,11.0,19.0,225.36705109464373,0.0,PORTSCAN
0.24474017579172466,24.0,1.0,225.13574458866285,0.0,PORTSCAN
0.026353921845581687,22.0,23.0,182.58532732092715,0.0,PORTSCAN
0.0008408210106858731,28.0,28.0,226.5283302268867,0.0,PORTSCAN
0.06575678747850708,33.0,19.0,173.91955440729888,0.0,PORTSCAN
0.03689512922322396,38.0,13.0,172.4690736698935,0.0,PORTSCAN
0.048196678167656,22.0,16.0,303.8838566459722,0.0,PORTSCAN
0.05009278649528509,21.0,25.0,113.49831302823542,0.0,PORTSCAN
0.026304167374011974,6.0,23.0,294.1637883705531,0.0,PORTSCAN
0.018036291813818085,32.0,30.0,245.98526466135826,0.0,PORTSCAN
0.13957007962274867,18.0,23.0,252.8934263837369,0.0,PORTSCAN
0.01397259749796995,27.0,18.0,144.66902946593623,0.0,PORTSCAN
0.0035830482262487425,7.0,20.0,228.64105027631325,0.0,PORTSCAN
0.060088672276586166,31.0,21.0,259.2104572980845,0.0,PORTSCAN
0.06640602498692309,13.0,23.0,159.0067227483124,0.0,PORTSCAN
0.01908538888817488,6.0,11.0,153.58141650888902,0.0,PORTSCAN
0.01681743141240915,38.0,6.0,228.38785385430344,0.0,PORTSCAN
0.0012118819004625183,35.0,33.0,232.02714675373866,0.0,PORTSCAN
0.004793726500940331,18.0,24.0,206.15391008280906,0.0,PORTSCAN
0.03684210463478995,34.0,25.0,198.09299572791755,0.0,PORTSCAN
0.018995547033987124,29.0,19.0,202.49013954514163,0.0,PORTSCAN
0.08261593517445291,9.0,1.0,123.27599342973517,0.0,PORTSCAN
0.019831782046539986,33.0,34.0,241.93810719546155,0.0,PORTSCAN
0.00999405236220936,25.0,6.0,174.74756744098553,0.0,PORTSCAN
0.04453766712157678,6.0,32.0,263.6837123952347,0.0,PORTSCAN
0.08905308069531372,10.0,30.0,228.01185197442283,0.0,PORTSCAN
0.06274568244354635,18.0,24.0,159.48081527875075,0.0,PORTSCAN
0.025567357668028375,9.0,26.0,266.84602187823566,0.0,PORTSCAN
0.13496909824771477,16.0,15.0,259.12828635304356,0.0,PORTSCAN
0.008349014240557616,20.0,15.0,194.63226046429918,0.0,PORTSCAN
0.054387653755107825,2.0,29.0,249.97095163389557,0.0,PORTSCAN
0.134221862202735,9.0,30.0,232.47486824296197,0.0,PORTSCAN
0.014798584458301168,35.0,37.0,181.80403032551817,0.0,PORTSCAN
0.007432268527692113,12.0,37.0,200.00933323174866,0.0,PORTSCAN
0.013660457880636799,9.0,7.0,257.53037752965344,0.0,PORTSCAN
0.01874180206459728,39.0,21.0,132.5211894224234,0.0,PORTSCAN
0.13631876477177027,14.0,26.0,179.23931160473643,0.0,PORTSCAN
0.07613799711270447,20.0,17.0,238.00591881281807,0.0,PORTSCAN
0.010072652555445588,25.0,13.0,252.72060561097058,0.0,PORTSCAN
0.02794689562562221,3.0,35.0,269.45815239352976,0.0,PORTSCAN
0.027884203958921567,20.0,5.0,240.55441698947953,0.0,PORTSCAN
0.013212907745905906,16.0,24.0,122.85992423951771,0.0,PORTSCAN
0.08720889354247281,15.0,25.0,168.36224850574806,0.0,PORTSCAN
0.019558204761386803,19.0,38.0,172.49311442609655,0.0,PORTSCAN
0.05130089485826122,30.0,19.0,220.4424509499371,0.0,PORTSCAN
0.07755140674723106,8.0,18.0,186.64368320296538,0.0,PORTSCAN
0.019058820690720644,19.0,17.0,223.15676371205052,0.0,PORTSCAN
0.018010223803736895,24.0,18.0,171.7509044483962,0.0,PORTSCAN
0.14504298636628973,29.0,25.0,221.1606187228509,0.0,PORTSCAN
0.002763602677179474,34.0,28.0,143.01541474763962,0.0,PORTSCAN
0.08107452027894016,38.0,14.0,235.91372034872302,0.0,PORTSCAN
0.029476265673318555,39.0,30.0,212.48172378944943,0.0,PORTSCAN
0.14374138932183078,20.0,32.0,171.5897315301795,0.0,PORTSCAN
0.07644256486371744,4.0,35.0,161.99134724423897,0.0,PORTSCAN
0.10319539952627702,7.0,27.0,208.89584035049361,0.0,PORTSCAN
0.16028833500147954,23.0,11.0,196.92233310324028,0.0,PORTSCAN
0.05645016793708969,33.0,36.0,197.89051497697326,0.0,PORTSCAN
0.04311711987830799,5.0,32.0,188.5171365635785,0.0,PORTSCAN
0.13477317997999302,35.0,14.0,103.23847075961213,0.0,PORTSCAN
0.055586849175121966,17.0,24.0,151.08388962040286,0.0,PORTSCAN
0.007497375544529722,18.0,14.0,270.3390427894019,0.0,PORTSCAN
0.019734259971940782,36.0,8.0,189.80795346306755,0.0,PORTSCAN
0.059402916732852674,13.0,34.0,170.88462152336186,0.0,PORTSCAN
0.0746951582740636,30.0,13.0,148.87073248639544,0.0,PORTSCAN
0.1860263881034444,15.0,14.0,184.85193115628493,0.0,PORTSCAN
0.02108670805737301,29.0,31.0,63.88611295384277,0.0,PORTSCAN
0.006499061241419822,25.0,38.0,247.1272614226736,0.0,PORTSCAN
0.0032605325060411218,37.0,14.0,169.63539075260792,0.0,PORTSCAN
0.10169468183711627,30.0,29.0,79.39430474747915,0.0,PORTSCAN
0.031553753282474735,37.0,16.0,262.06961656565943,0.0,PORTSCAN
0.09594867521824202,17.0,16.0,182.55089744658324,0.0,PORTSCAN
0.014829226243266203,34.0,30.0,204.2161913621117,0.0,PORTSCAN
0.04532322288144665,39.0,25.0,282.5618289343643,0.0,PORTSCAN
0.028569693369842636,37.0,9.0,188.58308323502789,0.0,PORTSCAN
0.027123997473157788,2.0,9.0,230.99045537651506,0.0,PORTSCAN
0.04035202661402851,34.0,29.0,109.29868259459246,0.0,PORTSCAN
0.006412330583295656,33.0,18.0,205.38520738958653,0.0,PORTSCAN
0.06414802299480007,4.0,4.0,238.08635647038378,0.0,PORTSCAN
0.013865116465873836,27.0,32.0,150.31594946171293,0.0,PORTSCAN
0.06206659597106521,6.0,16.0,238.53193394750693,0.0,PORTSCAN
0.013239742292072918,24.0,13.0,158.97710752221656,0.0,PORTSCAN
0.06771829734803178,220.0,314.0,20.310051981360168,0.0,BOT
0.5688763449746472,128.0,201.0,10.338711276553248,0.0,BOT
0.025789240626210047,120.0,267.0,9.259430258871378,1.0,BOT
3.467866867456315,345.0,489.0,12.207285605670444,1.0,BOT
0.6184365496688335,570.0,450.0,13.442055743580308,1.0,BOT
2.464026488719513,745.0,217.0,9.186539877798836,1.0,BOT
1.8758544040640197,746.0,593.0,5.304191322317591,1.0,BOT
0.4619249831808893,508.0,231.0,12.798716835253725,1.0,BOT
0.5433275283705665,592.0,177.0,8.388655581730566,1.0,BOT
0.9872683043148994,171.0,292.0,10.44006495675998,1.0,BOT
0.3090022253456422,327.0,587.0,14.321849317732871,0.0,BOT
0.105770747912457,531.0,133.0,9.247240341457562,0.0,BOT
0.03494386444870712,577.0,511.0,11.538293185040738,0.0,BOT
1.5390060124585625,729.0,557.0,5.546055669247037,1.0,BOT
0.09823901375943761,322.0,554.0,12.046132170721636,0.0,BOT
0.1777349071975345,376.0,127.0,18.294416866447648,0.0,BOT
1.685719016505714,51.0,29.0,22.68260372645051,1.0,BOT
0.2972086854981785,534.0,169.0,5.68145853010499,1.0,BOT
0.4237404953761253,107.0,217.0,8.038155525978448,0.0,BOT
0.3790335027874747,94.0,116.0,13.695272255664893,0.0,BOT
2.4097927952142197,76.0,116.0,8.603476153171322,0.0,BOT
0.9621030543670271,616.0,238.0,7.8786441134149525,0.0,BOT
0.9792213340409947,648.0,353.0,18.465116391073508,0.0,BOT
0.33555924281324706,128.0,598.0,12.072450986598955,0.0,BOT
0.8024886870522159,632.0,534.0,19.765205381463243,1.0,BOT
0.7855886309217881,643.0,62.0,0.0,0.0,BOT
1.373280432502727,567.0,122.0,21.449974486602578,1.0,BOT
0.12861099460856437,275.0,145.0,15.410679833727906,1.0,BOT
0.11349855348639304,731.0,75.0,8.928384279518529,1.0,BOT
0.9527922516891382,576.0,593.0,8.451055038832324,0.0,BOT
0.9976869206197426,491.0,149.0,11.35234296138783,0.0,BOT
0.09310401863764622,248.0,32.0,5.073714552463489,0.0,BOT
0.17786059811662847,764.0,93.0,8.392918251270567,0.0,BOT
0.752902845179464,476.0,136.0,11.260967482264412,1.0,BOT
0.18066713290712522,658.0,248.0,4.855713817279045,0.0,BOT
0.004852320473909874,367.0,356.0,13.109417543860497,0.0,BOT
0.14109820000992443,744.0,171.0,13.597623353914777,1.0,BOT
0.6118163252722866,323.0,573.0,20.268086342461423,1.0,BOT
0.2870137729245331,63.0,452.0,5.54641240105794,0.0,BOT
0.3309875428175727,387.0,423.0,14.14675117711236,1.0,BOT
0.7279075221799814,296.0,550.0,10.798358812834925,1.0,BOT
2.0127021700994345,778.0,173.0,3.650661666631347,1.0,BOT
0.24277939884123068,180.0,469.0,17.542283282214118,0.0,BOT
1.9223529481297157,322.0,196.0,14.090493027186175,1.0,BOT
0.33465676351266566,404.0,327.0,17.75564702979095,1.0,BOT
2.2640701741480433,95.0,321.0,10.904840928237611,1.0,BOT
1.3082039048693879,610.0,556.0,10.336714097184137,1.0,BOT
0.051636740354203604,193.0,461.0,17.468488203457206,1.0,BOT
1.1057244330437326,385.0,90.0,18.62716054547539,0.0,BOT
0.19787324528192443,715.0,109.0,4.965924952512308,1.0,BOT
0.27614858559737715,624.0,455.0,11.41744810826509,1.0,BOT
1.004563888783793,508.0,533.0,20.32400914620226,1.0,BOT
1.3102790403584672,659.0,301.0,23.321290639688897,0.0,BOT
0.18451733945545068,627.0,476.0,15.410481137999465,0.0,BOT
0.22203089481154326,429.0,149.0,16.80152398140735,1.0,BOT
1.5557294655688634,607.0,202.0,14.31241812033427,1.0,BOT
0.9654901117056615,388.0,575.0,10.742553712542549,0.0,BOT
0.5800018500547813,241.0,375.0,17.471698932013272,1.0,BOT
0.09157035572652564,422.0,70.0,13.808928811308693,1.0,BOT
0.5131054003668356,609.0,38.0,17.42214788692198,1.0,BOT
0.18553919066559818,192.0,211.0,18.873994572815825,0.0,BOT
0.14473781268376504,584.0,312.0,6.516070812753265,0.0,BOT
0.8069953595336987,454.0,168.0,9.096758487230245,0.0,BOT
0.6563203241894509,667.0,491.0,8.943073763056859,0.0,BOT
0.45730500105336125,287.0,565.0,12.246541657601114,0.0,BOT
1.3791680803554736,706.0,535.0,15.844198379844483,1.0,BOT
0.14546245999661564,181.0,216.0,19.290126377821622,0.0,BOT
2.0470536326641806,130.0,349.0,4.519004229619991,1.0,BOT
0.16246165442555346,490.0,21.0,11.232559840155163,1.0,BOT
0.26239926503591077,685.0,328.0,1.7009750629583884,1.0,BOT
0.17607447264120046,526.0,479.0,9.390466249474853,0.0,BOT
0.8590751137103099,487.0,255.0,14.534387281952807,1.0,BOT
0.05781523654640689,178.0,429.0,10.771673620202982,1.0,BOT
1.4483409543805874,750.0,575.0,16.30817331486073,1.0,BOT
0.32796823016940063,612.0,285.0,20.21689077902267,1.0,BOT
2.873733008007405,297.0,89.0,13.803239457178975,0.0,BOT
0.26430535383489195,67.0,371.0,4.353258397433206,1.0,BOT
0.21935997501439033,332.0,129.0,0.0,0.0,BOT
1.171394798198144,787.0,76.0,12.591059957009684,1.0,BOT
0.4426435240309671,392.0,496.0,8.629047198308866,0.0,BOT
0.036961958264115656,579.0,248.0,17.88772362384793,1.0,BOT
0.7671763683287968,484.0,421.0,10.93710686005716,1.0,BOT
0.34487090074367177,358.0,362.0,16.461248578768128,1.0,BOT
4.000373308048463,243.0,205.0,13.358978425661684,1.0,BOT
1.6024058410550621,91.0,229.0,19.992690560481705,0.0,BOT
0.2740418579102885,328.0,270.0,16.010642293090598,1.0,BOT
0.14883160117119382,579.0,76.0,11.13918442860977,1.0,BOT
0.7540318100712801,463.0,201.0,7.695494457532486,0.0,BOT
0.3054639264646406,747.0,269.0,12.415948583607571,0.0,BOT
0.08391491176467457,157.0,504.0,4.39912147220778,1.0,BOT
0.9497407447211353,200.0,273.0,9.926921251115136,1.0,BOT
1.2957452409810584,446.0,536.0,16.720030713307455,0.0,BOT
1.836081873303507,227.0,381.0,7.24544635156384,1.0,BOT
1.9159927754074417,89.0,435.0,13.592605023994372,0.0,BOT
0.28644508341069813,626.0,30.0,14.860031391502364,1.0,BOT
0.7669870195107498,470.0,240.0,8.47635782194558,0.0,BOT
0.5057274563387976,193.0,208.0,10.058265308494208,0.0,BOT
0.44341202601571217,385.0,428.0,10.471904444658435,1.0,BOT
0.4722205998351523,781.0,540.0,12.39752366183849,1.0,BOT
0.41271249173979263,743.0,303.0,12.326752980488816,1.0,BOT
0.1029457452238381,619.0,94.0,8.860533311083554,1.0,BOT
0.44779462774217405,230.0,564.0,0.0,0.0,BOT
0.9653369346481336,727.0,418.0,14.977454488196287,0.0,BOT
0.4074961473390681,231.0,326.0,9.050526217685546,1.0,BOT
0.2904883997684685,570.0,592.0,18.060793442751656,0.0,BOT
0.15940251203938383,559.0,82.0,9.534275721229257,0.0,BOT
0.31588190663333504,474.0,274.0,9.059228215061248,0.0,BOT
0.2222321553932401,77.0,355.0,19.091193914531452,1.0,BOT
0.20949361545280887,779.0,387.0,7.587704758838757,0.0,BOT
0.04728368922910953,735.0,189.0,4.882146789094362,1.0,BOT
0.131657216359309,199.0,151.0,20.421742580624905,0.0,BOT
0.2653783203910248,248.0,234.0,17.00010857546411,1.0,BOT
2.174213494037199,288.0,386.0,13.453705484755893,1.0,BOT
0.29768074147336093,659.0,399.0,10.196562652612704,1.0,BOT
0.6979533106742393,501.0,483.0,13.906548061323923,1.0,BOT
0.2795845070338466,469.0,233.0,13.558264280023892,0.0,BOT
0.06951287425174842,637.0,330.0,11.69798135401546,0.0,BOT
0.4318799315673946,93.0,434.0,17.638901253169493,1.0,BOT
1.4010989764193154,717.0,547.0,8.750865572512819,0.0,BOT
0.41092622812092827,194.0,56.0,12.420841150928482,0.0,BOT
0.8417644765949597,469.0,487.0,6.239691698675307,1.0,BOT
2.8973021845474096,349.0,26.0,14.043634674872871,0.0,BOT
0.14539497864286818,374.0,74.0,14.298902920251566,1.0,BOT
0.48811994911161194,346.0,250.0,11.12589818018062,0.0,BOT
0.47861336415790645,177.0,424.0,8.142274565242564,1.0,BOT
0.10650282839074324,792.0,97.0,5.612320889335226,0.0,BOT
1.161497630522489,220.0,594.0,15.377045594655206,0.0,BOT
1.2241373375388265,722.0,465.0,11.336784278704375,0.0,BOT
1.25614696527994,120.0,238.0,16.481419800653033,0.0,BOT
2.3257618345312077,129.0,257.0,12.1058407220743,0.0,BOT
0.0414620274506796,566.0,549.0,16.86387198312508,0.0,BOT
0.26564191444964197,654.0,38.0,12.589293261237739,1.0,BOT
0.9875497643084584,276.0,571.0,18.164605475236236,0.0,BOT
1.0474717555021118,286.0,74.0,13.684964554472021,1.0,BOT
0.30437272382142466,417.0,217.0,10.718296608137539,0.0,BOT
0.23949171623190413,546.0,220.0,9.309761207549307,0.0,BOT
0.7851246020582704,167.0,573.0,12.893277405064564,1.0,BOT
2.2829895932858784,378.0,36.0,14.175421989831369,0.0,BOT
0.2383281601774606,578.0,442.0,21.283237182809774,1.0,BOT
0.27119286831697065,130.0,570.0,9.591170144532624,1.0,BOT
0.08160736562672298,713.0,33.0,11.618051818665833,0.0,BOT
0.5791606686287383,106.0,229.0,11.262402176909719,0.0,BOT
1.527602004077547,260.0,384.0,12.886895854572339,1.0,BOT
0.9779539235091517,774.0,452.0,1.5006338389047666,0.0,BOT
0.5617550611601313,195.0,46.0,12.821473826852845,1.0,BOT
1.5927436226644232,728.0,101.0,22.981115710763994,1.0,BOT
0.4784294110164906,451.0,527.0,13.081482292009353,1.0,BOT
0.2435750901635149,442.0,513.0,14.878397612677292,1.0,BOT
2.722581011605572,517.0,428.0,15.797574437430539,1.0,BOT
0.3097038403108589,284.0,169.0,10.541206838707314,0.0,BOT
0.25558537436527407,50.0,154.0,11.339317055492264,0.0,BOT
0.03927981872193998,667.0,152.0,9.38134348614289,1.0,BOT
0.1708099819543962,157.0,141.0,5.395373469683495,0.0,BOT
0.22123680888541988,367.0,498.0,1.3815849133758533,0.0,BOT
0.7478171968310423,759.0,517.0,13.311073661184274,1.0,BOT
3.4433062494440065,228.0,437.0,8.950318527766697,1.0,BOT
0.9297274321787917,465.0,534.0,10.336725909608639,1.0,BOT
0.9044414957850109,612.0,598.0,18.33819688030229,0.0,BOT
0.17760877427917943,425.0,23.0,18.033040774319574,1.0,BOT
0.2736858086588832,578.0,71.0,4.364160717051762,1.0,BOT
1.1427879046620937,535.0,535.0,6.2896088045281004,1.0,BOT
2.4749646787100734,308.0,343.0,12.144634320307754,0.0,BOT
0.289100711619617,105.0,492.0,7.563271862477913,1.0,BOT
0.07675732202906667,190.0,281.0,18.79943773294204,0.0,BOT
0.16156030395433124,638.0,199.0,15.231170655788576,1.0,BOT
0.31964122541720963,220.0,493.0,5.625042746922324,1.0,BOT
0.290033279292601,491.0,415.0,9.022325324080704,1.0,BOT
1.9240813847149636,664.0,570.0,16.50266538665796,0.0,BOT
0.2040800355187804,169.0,372.0,17.41960483267804,0.0,BOT
1.114810405851582,385.0,192.0,20.0204562673862,0.0,BOT
0.5146249929910182,166.0,203.0,16.303623386200588,1.0,BOT
0.7991346617019195,211.0,598.0,2.980554369956522,1.0,BOT
0.021963668271772895,119.0,466.0,2.957070214125487,1.0,BOT
0.8455371388688457,787.0,483.0,9.74623945417425,0.0,BOT
0.6459122681916961,375.0,110.0,9.961611942127567,1.0,BOT
1.196449124872803,691.0,233.0,2.832452280040771,1.0,BOT
0.09679986159639294,726.0,68.0,17.175644580883663,1.0,BOT
0.24691496354509296,675.0,258.0,14.227822906387448,0.0,BOT
0.027985314723615706,527.0,498.0,8.637572019968319,1.0,BOT
0.630719082033324,731.0,319.0,13.116354179601304,1.0,BOT
0.19910494607068302,659.0,533.0,12.957464258365869,1.0,BOT
0.8795350932290014,513.0,394.0,7.532367575233392,1.0,BOT
1.6199602117573448,363.0,512.0,14.127971267313981,0.0,BOT
0.19862751675464452,568.0,445.0,17.540214291916172,0.0,BOT
0.24093601132105102,787.0,584.0,14.879522184661681,0.0,BOT
0.48400082488652557,609.0,370.0,11.252842569944553,0.0,BOT
1.065203784213866,228.0,58.0,16.198319322155946,1.0,BOT
0.49889753342846704,113.0,48.0,5.212412300790325,1.0,BOT
0.8495631043999765,151.0,65.0,9.685219486957642,1.0,BOT
0.05400383272529097,160.0,357.0,5.038619095720478,0.0,BOT
0.833805528986156,664.0,300.0,13.761452220831432,0.0,BOT
0.4626138460375975,752.0,70.0,7.641146559792114,1.0,BOT
1.4007565356484606,630.0,277.0,10.135297397849317,1.0,BOT
0.5064321810374759,238.0,434.0,21.241753146337132,1.0,BOT
0.25745463165905685,544.0,406.0,15.373642730317531,1.0,BOT
0.8673196524756213,267.0,365.0,11.202173590039743,1.0,BOT
0.293300658360549,320.0,142.0,11.167613065259893,1.0,BOT
0.0324885529234842,470.0,278.0,9.651016526869252,1.0,BOT
1.0062813090155742,204.0,109.0,17.501308016154848,1.0,BOT
0.6803284881589291,407.0,193.0,11.910322597124301,0.0,BOT
1.6772406523483683,535.0,552.0,13.554290953974057,1.0,BOT
1.9363790199122553,497.0,267.0,4.106623990485054,1.0,BOT
0.5772757939227824,654.0,290.0,20.124195223274207,1.0,BOT
1.1305922904246852,551.0,103.0,18.5147324453348,0.0,BOT
0.16291655241533948,793.0,112.0,12.620225592133602,1.0,BOT
0.5963024179509853,481.0,178.0,8.870577345492578,1.0,BOT
5.110577298397996,652.0,235.0,3.0977142399674342,0.0,BOT
0.021575021053065444,269.0,240.0,13.705192552537737,0.0,BOT
1.7887920103379245,107.0,556.0,6.403633423762541,0.0,BOT
1.564930625691764,178.0,445.0,16.903041774333786,1.0,BOT
0.3364235693151864,363.0,345.0,16.908904734779014,0.0,BOT
1.2166366181229022,555.0,101.0,3.7703807677699164,0.0,BOT
1.3252018286682805,585.0,387.0,11.834795439633606,1.0,BOT
0.8183155581954106,258.0,136.0,22.304797182312562,1.0,BOT
2.4621919054291324,380.0,235.0,15.154872449155489,1.0,BOT
0.7766535666795388,498.0,555.0,8.832516553977385,0.0,BOT
2.0321042841218286,292.0,226.0,15.324645099529139,1.0,BOT
0.6825196795342132,754.0,134.0,8.175141233107016,1.0,BOT
0.47532470951163747,531.0,122.0,13.145734172495562,0.0,BOT
0.350243804767565,264.0,334.0,11.776272076220083,0.0,BOT
1.9748167333738758,225.0,21.0,14.485774141767196,0.0,BOT
0.7608779911798988,693.0,295.0,10.528474950698994,1.0,BOT
0.9215474925535537,237.0,75.0,12.464362009117561,0.0,BOT
0.28962000830173706,359.0,55.0,5.112712964873133,0.0,BOT
0.6837468226923565,374.0,326.0,23.99249303346615,1.0,BOT
0.481719587775578,158.0,391.0,25.37051946243009,0.0,BOT
0.08216681767296391,730.0,553.0,9.561473135256277,1.0,BOT
0.9043901971569656,433.0,578.0,17.371665023851218,0.0,BOT
0.08675286471738347,237.0,262.0,10.69615076871966,0.0,BOT
0.44240680944467164,610.0,120.0,5.807184054826664,1.0,BOT
0.9415470445215894,346.0,230.0,15.712294567963102,0.0,BOT
1.9281017149065527,705.0,407.0,8.81206228962018,1.0,BOT
0.5374825898043887,81.0,93.0,7.572545567060759,0.0,BOT
0.1536854548321578,411.0,452.0,12.809440931201282,0.0,BOT
0.5140792524436221,78.0,133.0,10.137569392473228,1.0,BOT
0.3440392267225308,439.0,176.0,15.061163433955528,0.0,BOT
0.37641433176372535,221.0,250.0,6.971993121552671,1.0,BOT
2.19194017714952,675.0,81.0,13.800820919728835,1.0,BOT
0.09093869091690783,362.0,480.0,15.959296551940337,1.0,BOT
0.42714717052781953,141.0,71.0,9.146797848999435,0.0,BOT
0.07015843643480223,630.0,576.0,15.106174762869976,0.0,BOT
0.05100163402867319,338.0,598.0,18.443115639190466,1.0,BOT
0.19182895132910627,302.0,405.0,8.748499950017733,1.0,BOT
0.4343061695085954,629.0,556.0,15.092181552993848,0.0,BOT
0.14573422785135645,221.0,595.0,10.306578379507014,0.0,BOT
0.695465764092443,179.0,371.0,11.139278631457634,1.0,BOT
0.29210541124375444,379.0,402.0,8.337361580863636,0.0,BOT
1.1181996985466973,335.0,90.0,11.85858675646444,0.0,BOT
0.3589572371102019,75.0,332.0,12.7142550649604,1.0,BOT
1.5668125693153203,247.0,207.0,12.050089617497024,1.0,BOT
1.7732850742769184,572.0,373.0,14.958844117789393,1.0,BOT
0.13418198347469404,149.0,577.0,16.316852309201693,1.0,BOT
1.6542270968826136,304.0,400.0,8.333674532568232,1.0,BOT
0.7782482118370869,659.0,348.0,8.650983209620692,0.0,BOT
1.526174895433432,768.0,347.0,10.671890891097311,0.0,BOT
0.0069250888088431516,601.0,45.0,17.182577917522174,0.0,BOT
0.4861554750009914,216.0,188.0,10.802038376731456,0.0,BOT
0.46771222679755475,658.0,386.0,12.043817424426836,1.0,BOT
1.341925066287619,694.0,125.0,5.219817774276327,1.0,BOT
0.05746131171578128,738.0,301.0,14.07297175270308,0.0,BOT
0.2390488070502316,796.0,37.0,13.931913269240304,1.0,BOT
0.04587280288288402,193.0,570.0,16.188821107732945,0.0,BOT
0.5234235549284975,418.0,577.0,25.844461548138046,1.0,BOT
0.47991502948034936,265.0,444.0,9.032636621318034,1.0,BOT
0.7714336289812345,295.0,557.0,15.445015720207035,0.0,BOT
2.1853791389703057,327.0,582.0,9.407241963944527,0.0,BOT
0.48779349258424143,744.0,270.0,5.399048820837538,0.0,BOT
0.14384319889586678,275.0,70.0,11.143805217724756,1.0,BOT
0.4342984608193896,681.0,462.0,7.71915079669125,1.0,BOT
0.3554758945166023,753.0,516.0,12.177830370164967,0.0,BOT
0.0927618993341883,655.0,471.0,5.709876523856073,0.0,BOT
2.8849304840800247,653.0,594.0,15.6580055107922,0.0,BOT
1.7839815796906107,222.0,43.0,10.843495285351503,0.0,BOT
0.6096692355691754,188.0,522.0,9.11790211832578,1.0,BOT
0.19068823014730804,400.0,573.0,8.019315984067523,0.0,BOT
0.015877712550936663,241.0,83.0,7.249682512669364,0.0,BOT
0.3306045561738951,244.0,525.0,10.529507630971834,1.0,BOT
1.0839061765095925,353.0,456.0,13.354182579169773,0.0,BOT
0.8021003281107921,198.0,424.0,13.2555329950076,0.0,BOT
2.3522824974259664,247.0,575.0,16.048591325439226,1.0,BOT
0.06728790567957775,555.0,95.0,18.049746292793557,0.0,BOT
1.2535270436497226,297.0,321.0,17.51144687464576,1.0,BOT
2.7588536339247947,777.0,442.0,13.369286401995627,1.0,BOT
0.40820463170284943,164.0,239.0,5.561839017772332,1.0,BOT
0.036490171986307655,150.0,552.0,15.61413447492756,1.0,BOT
0.01069614991624375,390.0,39.0,12.558995791016942,0.0,BOT
1.3636390466397568,682.0,45.0,7.935604845503034,1.0,BOT
0.31259069083375757,372.0,532.0,13.816426949419876,0.0,BOT
1.5725515807139943,420.0,310.0,14.459366062209927,1.0,BOT
1.1501847861823333,254.0,406.0,5.451833181545979,1.0,BOT
3.08858329130977,210.0,219.0,0.0,1.0,BOT
0.6333413336966647,557.0,35.0,12.643264739771084,1.0,BOT
0.2416143076614007,221.0,517.0,11.361609638472032,0.0,BOT
0.08532519037658876,638.0,526.0,12.401254948558869,1.0,BOT
1.244391576129081,263.0,227.0,15.305512678674845,0.0,BOT
1.1522627947350967,354.0,165.0,5.676163584072405,0.0,BOT
0.432868426068443,590.0,98.0,6.956289773017158,0.0,BOT
0.06577526711041777,450.0,298.0,11.35850502763401,0.0,BOT
0.358890782511464,207.0,378.0,14.261616164824906,1.0,BOT
0.5107794985897843,712.0,465.0,1.0832554078511123,1.0,BOT
